{"posts":{"items":[{"id":"1","name":"ottimizzare-il-tempo-massimizzare-i-guadagni-rendere-piacevole-il-nostro-lavoro","title":"Ottimizzare il tempo, massimizzare i guadagni, rendere piacevole il nostro lavoro","created":1609707735035,"updated":1617718232891,"excerpt":"Capita spesso che presi dai ritmi frenetici del nostro lavoro e della nostra quotidianità si viva quel senso di impotenza nei confronti del \"tempo che corre\" che ci induce ansia e senso di frustrazione nel mancato raggiungimento delle prestazioni desidera...","featured":"1601994a0b6789954969dabab8c7c79d55d9038509a7d8410722501115ef388d689c4e31dc161442180c603a2c7050cf4652a516d190f0a5c60e24_1280.jpg","fileName":"ottimizzare-il-tempo-massimizzare-i-guadagni-rendere-piacevole-il-nostro-lavoro.html","publicUrl":"np://user.desktop.nicepage.com/Site_301597576/blog/ottimizzare-il-tempo-massimizzare-i-guadagni-rendere-piacevole-il-nostro-lavoro.html"},{"id":"2","name":"fidelizzare-i-clienti-tramite-le-foto","title":"Fidelizzare i clienti tramite le foto","created":1617715024388,"updated":1617718434882,"featured":"2b882c5ae44817722fc97ba71c282366d187160f4b6811bdcd9360854e2a2e18ae674a5fa2ea4a74b0e9d71877034fc6590a761e6adea93e5c6912_1280.jpg","excerpt":"In un mondo competitivo e affollato di concorrenti come quello del beauty diventa fondamentale costruire la propria rete di clientela, incrementarla e soprattutto mantenerla. E' un compito impegnativo ma l'unico in grado di dare i propri frutti evitando d...","fileName":"fidelizzare-i-clienti-tramite-le-foto.html","publicUrl":"np://user.desktop.nicepage.com/Site_301597576/blog/fidelizzare-i-clienti-tramite-le-foto.html"}]}}