{"id":301597576,"isReadOnly":false,"folder":"/Users/lilos/Documents/Nicepage/Site_301597576","items":[{"id":11906597,"status":2,"title":"Blog Template","order":1,"templateKey":"blog","customTemplate":false,"customTemplateFilename":null,"pageLinks":[],"dateCreated":"2021-01-03T21:01:16.000Z","dateUpdated":"2021-10-26T11:40:12.209Z","folderId":null,"pageName":null},{"id":25479982,"status":2,"title":"Post Template","order":2,"templateKey":"post","customTemplate":false,"customTemplateFilename":null,"pageLinks":[],"dateCreated":"2021-01-03T21:01:16.000Z","dateUpdated":"2021-10-26T11:40:12.210Z","folderId":null,"pageName":null},{"id":1918011078,"status":2,"title":"Product List Template","order":3,"templateKey":"products","customTemplate":false,"customTemplateFilename":null,"pageLinks":[],"dateCreated":"2021-01-03T21:01:16.000Z","dateUpdated":"2021-10-26T11:40:12.210Z","folderId":null,"pageName":null},{"id":54297303,"status":2,"title":"Product Details Template","order":4,"templateKey":"product","customTemplate":false,"customTemplateFilename":null,"pageLinks":[],"dateCreated":"2021-01-03T21:01:16.000Z","dateUpdated":"2021-10-26T11:40:12.207Z","folderId":null,"pageName":null},{"id":626923937,"status":2,"title":"Shopping Cart Template","order":5,"templateKey":"cart","customTemplate":false,"customTemplateFilename":null,"pageLinks":[],"dateCreated":"2021-01-03T21:01:16.000Z","dateUpdated":"2021-10-26T11:40:12.172Z","folderId":null,"pageName":null},{"id":219615617,"status":2,"title":"Checkout Template","order":6,"templateKey":"checkout","customTemplate":false,"customTemplateFilename":null,"pageLinks":[],"dateCreated":"2022-08-11T08:54:52.867Z","dateUpdated":"2022-08-11T08:54:52.926Z","folderId":null,"pageName":"Checkout Template"},{"id":2985728941,"status":2,"title":"home","order":6,"templateKey":null,"customTemplate":false,"customTemplateFilename":null,"pageLinks":["283643984"],"dateCreated":"2021-02-05T10:51:26.000Z","dateUpdated":"2021-10-26T11:40:12.174Z","folderId":null,"pageName":null},{"id":283643984,"status":2,"title":"agenda","order":7,"templateKey":null,"customTemplate":false,"customTemplateFilename":null,"pageLinks":[],"dateCreated":"2021-01-24T10:41:11.000Z","dateUpdated":"2021-10-26T11:40:12.207Z","folderId":null,"pageName":null},{"id":275305069,"status":2,"title":"Login Template","order":7,"templateKey":"login","customTemplate":false,"customTemplateFilename":null,"pageLinks":[],"dateCreated":"2022-08-11T08:54:52.995Z","dateUpdated":"2022-08-11T08:54:53.018Z","folderId":null,"pageName":"Login Template"},{"id":227201539,"status":2,"title":"magazzino","order":7.25,"templateKey":null,"customTemplate":false,"customTemplateFilename":null,"pageLinks":[],"dateCreated":"2021-01-24T10:41:16.000Z","dateUpdated":"2021-10-26T11:40:12.174Z","folderId":null,"pageName":null},{"id":24803180,"status":2,"title":"prezzi","order":7.375,"templateKey":null,"customTemplate":false,"customTemplateFilename":null,"pageLinks":["283643984","3006207247"],"dateCreated":"2021-08-12T10:14:28.000Z","dateUpdated":"2021-10-26T11:40:12.173Z","folderId":null,"pageName":null},{"id":2919917965,"status":2,"title":"spese","order":7.5,"templateKey":null,"customTemplate":false,"customTemplateFilename":null,"pageLinks":[],"dateCreated":"2021-01-24T10:41:23.000Z","dateUpdated":"2021-10-26T11:40:12.173Z","folderId":null,"pageName":null},{"id":2014024038,"status":2,"title":"Page Password Template","order":8,"templateKey":"password","customTemplate":false,"customTemplateFilename":null,"pageLinks":[],"dateCreated":"2022-08-11T08:54:52.997Z","dateUpdated":"2022-08-11T08:54:53.039Z","folderId":null,"pageName":"Page Password Template"},{"id":2406620276,"status":2,"title":"404 Not Found Template","order":9,"templateKey":"404","customTemplate":false,"customTemplateFilename":null,"pageLinks":[],"dateCreated":"2022-08-11T08:54:53.018Z","dateUpdated":"2022-08-11T08:54:53.058Z","folderId":null,"pageName":"404 Not Found Template"},{"id":3006207247,"status":2,"title":"contattaci","order":65544,"templateKey":null,"customTemplate":false,"customTemplateFilename":null,"pageLinks":[],"dateCreated":"2021-01-24T10:41:29.000Z","dateUpdated":"2021-10-26T11:40:12.210Z","folderId":null,"pageName":null},{"id":86639647,"status":2,"title":"blog","order":65545,"templateKey":null,"customTemplate":false,"customTemplateFilename":null,"pageLinks":["1"],"dateCreated":"2021-04-06T14:32:30.000Z","dateUpdated":"2021-10-26T11:40:12.174Z","folderId":null,"pageName":null}],"metaTags":null,"order":"65536","headHtml":null,"customCss":null,"headerHtml":"<section class=\"u-align-center-sm u-align-center-xs u-clearfix u-header u-block-b375-1\" custom-posts-hash=\"[]\" data-style=\"header-logo-menu-social-icons\" data-post-id=\"2300449717\" data-section-properties=\"{&quot;grid-spacing&quot;:&quot;0&quot;,&quot;align&quot;:&quot;left&quot;,&quot;stretch&quot;:true}\" id=\"sec-4b2e\" data-id=\"b375\">\n  <div class=\"u-clearfix u-sheet u-block-b375-2\">\n    \n    \n    \n  <a href=\"2985728941\" class=\"u-image u-logo u-block-b375-12\" data-brightness=\"\" data-image-width=\"500\" data-image-height=\"200\" title=\"Home\">\n      <img src=\"np://user.desktop.nicepage.com/Site_301597576/images/login-logo1.jpg?rand=33ea\" class=\"u-logo-image u-block-b375-19\" data-image-width=\"180.8889\">\n    </a><div class=\"u-social-icons u-spacing-10 u-block-b375-3\"><a class=\"u-social-url\" target=\"_blank\" href=\"https://facebook.com/circebellezza\"><span class=\"u-icon u-icon-circle u-social-facebook u-social-icon u-block-b375-26\"><svg class=\"u-svg-link\" preserveAspectRatio=\"xMidYMin slice\" viewBox=\"0 0 112 112\" style=\"\"><use xmlns:xlink=\"http://www.w3.org/1999/xlink\" xlink:href=\"#svg-3016\"></use></svg><svg xmlns=\"http://www.w3.org/2000/svg\" xmlns:xlink=\"http://www.w3.org/1999/xlink\" version=\"1.1\" xml:space=\"preserve\" class=\"u-svg-content\" viewBox=\"0 0 112 112\" x=\"0px\" y=\"0px\" id=\"svg-3016\"><path d=\"M75.5,28.8H65.4c-1.5,0-4,0.9-4,4.3v9.4h13.9l-1.5,15.8H61.4v45.1H42.8V58.3h-8.8V42.4h8.8V32.2 c0-7.4,3.4-18.8,18.8-18.8h13.8v15.4H75.5z\"></path></svg></span></a><a class=\"u-social-url\" target=\"_blank\" href=\"https://www.instagram.com/circebellezza/\"><span class=\"u-icon u-icon-circle u-social-icon u-social-instagram u-block-b375-27\"><svg class=\"u-svg-link\" preserveAspectRatio=\"xMidYMin slice\" viewBox=\"0 0 112 112\" style=\"\"><use xmlns:xlink=\"http://www.w3.org/1999/xlink\" xlink:href=\"#svg-9788\"></use></svg><svg xmlns=\"http://www.w3.org/2000/svg\" xmlns:xlink=\"http://www.w3.org/1999/xlink\" version=\"1.1\" xml:space=\"preserve\" class=\"u-svg-content\" viewBox=\"0 0 112 112\" x=\"0px\" y=\"0px\" id=\"svg-9788\"><path d=\"M55.9,32.9c-12.8,0-23.2,10.4-23.2,23.2s10.4,23.2,23.2,23.2s23.2-10.4,23.2-23.2S68.7,32.9,55.9,32.9z M55.9,69.4c-7.4,0-13.3-6-13.3-13.3c-0.1-7.4,6-13.3,13.3-13.3s13.3,6,13.3,13.3C69.3,63.5,63.3,69.4,55.9,69.4z\"></path><path d=\"M79.7,26.8c-3,0-5.4,2.5-5.4,5.4s2.5,5.4,5.4,5.4c3,0,5.4-2.5,5.4-5.4S82.7,26.8,79.7,26.8z\"></path><path d=\"M78.2,11H33.5C21,11,10.8,21.3,10.8,33.7v44.7c0,12.6,10.2,22.8,22.7,22.8h44.7c12.6,0,22.7-10.2,22.7-22.7 V33.7C100.8,21.1,90.6,11,78.2,11z M91,78.4c0,7.1-5.8,12.8-12.8,12.8H33.5c-7.1,0-12.8-5.8-12.8-12.8V33.7 c0-7.1,5.8-12.8,12.8-12.8h44.7c7.1,0,12.8,5.8,12.8,12.8V78.4z\"></path></svg></span></a></div><nav class=\"u-align-left u-menu u-menu-dropdown u-offcanvas u-block-b375-7\">\n      <div class=\"menu-collapse\" style=\"font-size: 1rem;\">\n        <a class=\"u-button-style u-nav-link\" href=\"#\">\n          <svg class=\"u-svg-link\" preserveAspectRatio=\"xMidYMin slice\" viewBox=\"0 0 302 302\" style=\"\"><use xmlns:xlink=\"http://www.w3.org/1999/xlink\" xlink:href=\"#svg-8a8f\"></use></svg>\n          <svg xmlns=\"http://www.w3.org/2000/svg\" xmlns:xlink=\"http://www.w3.org/1999/xlink\" version=\"1.1\" id=\"svg-8a8f\" x=\"0px\" y=\"0px\" viewBox=\"0 0 302 302\" style=\"enable-background:new 0 0 302 302;\" xml:space=\"preserve\" class=\"u-svg-content\"><g><rect y=\"36\" width=\"302\" height=\"30\"></rect><rect y=\"236\" width=\"302\" height=\"30\"></rect><rect y=\"136\" width=\"302\" height=\"30\"></rect>\n</g><g></g><g></g><g></g><g></g><g></g><g></g><g></g><g></g><g></g><g></g><g></g><g></g><g></g><g></g><g></g></svg>\n        </a>\n      </div>\n      <div class=\"u-custom-menu u-nav-container\">\n        <ul class=\"u-nav u-spacing-25 u-unstyled u-block-b375-23\"><li class=\"u-nav-item\"><a class=\"u-button-style u-nav-link\" href=\"home.html\" data-page-id=\"2985728941\" style=\"padding: 8px 0px;\">Home</a></li><li class=\"u-nav-item\"><a class=\"u-button-style u-nav-link\" style=\"padding: 8px 0px;\">Funzioni</a><div class=\"u-nav-popup\"><ul class=\"u-h-spacing-20 u-nav u-unstyled u-v-spacing-10 u-block-b375-28\"><li class=\"u-nav-item\"><a class=\"u-button-style u-nav-link u-white\" href=\"agenda.html\" data-page-id=\"283643984\">Agenda</a></li><li class=\"u-nav-item\"><a class=\"u-button-style u-nav-link u-white\" href=\"magazzino.html\" data-page-id=\"227201539\">Magazzino</a></li><li class=\"u-nav-item\"><a class=\"u-button-style u-nav-link u-white\" href=\"spese.html\" data-page-id=\"2919917965\">Spese</a></li></ul></div></li><li class=\"u-nav-item\"><a class=\"u-button-style u-nav-link\" href=\"prezzi.html\" data-page-id=\"24803180\" style=\"padding: 8px 0px;\">Prezzi</a></li><li class=\"u-nav-item\"><a class=\"u-button-style u-nav-link\" href=\"contattaci.html\" data-page-id=\"3006207247\" style=\"padding: 8px 0px;\">Contattaci</a></li><li class=\"u-nav-item\"><a class=\"u-button-style u-nav-link\" href=\"blog.html\" data-page-id=\"86639647\" style=\"padding: 8px 0px;\">Blog</a></li></ul>\n      </div>\n      <div class=\"u-custom-menu u-nav-container-collapse\">\n        <div class=\"u-align-center u-black u-container-style u-inner-container-layout u-opacity u-opacity-95 u-sidenav u-block-b375-9\">\n          <div class=\"u-sidenav-overflow\">\n            <div class=\"u-menu-close u-block-b375-10\"></div>\n            <ul class=\"u-align-center u-nav u-popupmenu-items u-unstyled u-block-b375-11\"><li class=\"u-nav-item\"><a class=\"u-button-style u-nav-link\" href=\"home.html\" data-page-id=\"2985728941\" style=\"padding: 8px 0px;\">Home</a></li><li class=\"u-nav-item\"><a class=\"u-button-style u-nav-link\" style=\"padding: 8px 0px;\">Funzioni</a><div class=\"u-nav-popup\"><ul class=\"u-h-spacing-20 u-nav u-unstyled u-v-spacing-10 u-block-b375-29\"><li class=\"u-nav-item\"><a class=\"u-button-style u-nav-link\" href=\"agenda.html\" data-page-id=\"283643984\">Agenda</a></li><li class=\"u-nav-item\"><a class=\"u-button-style u-nav-link\" href=\"magazzino.html\" data-page-id=\"227201539\">Magazzino</a></li><li class=\"u-nav-item\"><a class=\"u-button-style u-nav-link\" href=\"spese.html\" data-page-id=\"2919917965\">Spese</a></li></ul></div></li><li class=\"u-nav-item\"><a class=\"u-button-style u-nav-link\" href=\"prezzi.html\" data-page-id=\"24803180\" style=\"padding: 8px 0px;\">Prezzi</a></li><li class=\"u-nav-item\"><a class=\"u-button-style u-nav-link\" href=\"contattaci.html\" data-page-id=\"3006207247\" style=\"padding: 8px 0px;\">Contattaci</a></li><li class=\"u-nav-item\"><a class=\"u-button-style u-nav-link\" href=\"blog.html\" data-page-id=\"86639647\" style=\"padding: 8px 0px;\">Blog</a></li></ul>\n          </div>\n        </div>\n        <div class=\"u-black u-menu-overlay u-opacity u-opacity-70\"></div>\n      </div>\n    </nav></div>\n  \n  \n  \n  \n  \n<style data-mode=\"XL\" data-visited=\"true\">@media (min-width: 1200px){ .u-block-b375-1 {background-image: none}\n.u-block-b375-2 {min-height: 72px}\n.u-block-b375-12 {width: 181px; height: 72px; margin-top: -0.0938px; margin-right: auto; margin-bottom: 0px; margin-left: 0px}\n.u-block-b375-19 {width: 100%; height: 100%}\n.u-block-b375-3 {white-space: nowrap; height: 26px; min-height: 16px; width: 62px; min-width: 42px; margin-top: -50.5px; margin-right: 0px; margin-bottom: 0px; margin-left: auto}\n.u-block-b375-26 {height: 100%}\n.u-block-b375-27 {height: 100%}\n.u-block-b375-7 {margin-top: -31px; margin-right: 118px; margin-bottom: 23.5939px; margin-left: auto}\n.u-block-b375-23 {font-size: 1rem}\n.u-block-b375-28 {font-size: 1rem}\n.u-block-b375-10 {font-size: 1rem}\n.u-block-b375-11 {font-size: 1rem}\n.u-block-b375-29 {font-size: 1rem} }</style><style data-mode=\"LG\" data-visited=\"true\">@media (max-width: 1199px) and (min-width: 992px){ .u-block-b375-1 {background-image: none}\n.u-block-b375-2 {min-height: 72px}\n.u-block-b375-12 {margin-top: -0.0938px; margin-right: auto; margin-bottom: 0px; margin-left: 0px; width: 181px; height: 72px}\n.u-block-b375-19 {width: 100%; height: 100%}\n.u-block-b375-3 {white-space: nowrap; height: 26px; min-height: 16px; width: 62px; min-width: 42px; margin-top: -50px; margin-right: 0px; margin-bottom: 0px; margin-left: auto}\n.u-block-b375-26 {height: 100%}\n.u-block-b375-27 {height: 100%}\n.u-block-b375-7 {margin-top: 20px; margin-right: 0px; margin-left: auto; margin-bottom: 23.5939px}\n.u-block-b375-23 {font-size: 1rem}\n.u-block-b375-28 {font-size: 1rem}\n.u-block-b375-10 {font-size: 1rem}\n.u-block-b375-11 {font-size: 1rem}\n.u-block-b375-29 {font-size: 1rem} }</style><style data-mode=\"MD\" data-visited=\"true\">@media (max-width: 991px) and (min-width: 768px){ .u-block-b375-1 {background-image: none}\n.u-block-b375-2 {min-height: 72px}\n.u-block-b375-12 {margin-top: -0.0938px; margin-right: auto; margin-bottom: 0px; margin-left: 0px; width: 181px; height: 72px}\n.u-block-b375-19 {width: 100%; height: 100%}\n.u-block-b375-3 {white-space: nowrap; height: 26px; min-height: 16px; width: 62px; min-width: 42px; margin-top: -50px; margin-right: 0px; margin-bottom: 0px; margin-left: auto}\n.u-block-b375-26 {height: 100%}\n.u-block-b375-27 {height: 100%}\n.u-block-b375-7 {margin-top: 20px; margin-right: 0px; margin-left: auto; margin-bottom: 23.5939px}\n.u-block-b375-23 {font-size: 1rem}\n.u-block-b375-28 {font-size: 1rem}\n.u-block-b375-10 {font-size: 1rem}\n.u-block-b375-11 {font-size: 1rem}\n.u-block-b375-29 {font-size: 1rem} }</style><style data-mode=\"SM\">@media (max-width: 767px) and (min-width: 576px){ .u-block-b375-1 {background-image: none}\n.u-block-b375-2 {min-height: 72px}\n.u-block-b375-12 {margin-top: -0.0938px; margin-right: auto; margin-bottom: 0px; margin-left: 0px; width: 181px; height: 72px}\n.u-block-b375-19 {width: 100%; height: 100%}\n.u-block-b375-3 {white-space: nowrap; height: 26px; min-height: 16px; width: 62px; min-width: 42px; margin-top: -50px; margin-right: 0px; margin-bottom: 0px; margin-left: auto}\n.u-block-b375-26 {height: 100%}\n.u-block-b375-27 {height: 100%}\n.u-block-b375-7 {margin-top: 20px; margin-right: 0px; margin-bottom: 23.5939px; margin-left: auto}\n.u-block-b375-23 {font-size: 1rem}\n.u-block-b375-28 {font-size: 1rem}\n.u-block-b375-10 {font-size: 1rem}\n.u-block-b375-11 {font-size: 1rem}\n.u-block-b375-29 {font-size: 1rem} }</style><style data-mode=\"XS\">@media (max-width: 575px){ .u-block-b375-1 {background-image: none}\n.u-block-b375-2 {min-height: 72px}\n.u-block-b375-12 {margin-top: -0.0938px; margin-right: auto; margin-bottom: 0px; margin-left: 0px; width: 181px; height: 72px}\n.u-block-b375-19 {width: 100%; height: 100%}\n.u-block-b375-3 {white-space: nowrap; height: 26px; min-height: 16px; width: 62px; min-width: 42px; margin-top: -50px; margin-right: 0px; margin-bottom: 0px; margin-left: auto}\n.u-block-b375-26 {height: 100%}\n.u-block-b375-27 {height: 100%}\n.u-block-b375-7 {margin-top: 20px; margin-right: 0px; margin-bottom: 23.5939px; margin-left: auto}\n.u-block-b375-23 {font-size: 1rem}\n.u-block-b375-28 {font-size: 1rem}\n.u-block-b375-10 {font-size: 1rem}\n.u-block-b375-11 {font-size: 1rem}\n.u-block-b375-29 {font-size: 1rem} }</style></section>","footerHtml":"<section class=\"u-clearfix u-footer u-grey-80 u-block-706d-1\" custom-posts-hash=\"T\" data-style=\"footer-text\" data-post-id=\"Footer-title-subtitle-h1-h2-h3-h4-h5-h6-headline-largeText-text-smallText-blockquote\" data-section-properties=\"{&quot;grid-spacing&quot;:&quot;30&quot;,&quot;spacingAdditional&quot;:&quot;none&quot;,&quot;align&quot;:&quot;center&quot;,&quot;stretch&quot;:true}\" id=\"sec-5b53\" data-id=\"706d\">\n  <div class=\"u-clearfix u-sheet u-block-706d-2\">\n    <div class=\"u-align-center u-container-style u-group u-block-706d-3\" data-behind-elements=\"[{':section':0}]\">\n      <div class=\"u-container-layout u-valign-middle u-block-706d-4\">\n        <p class=\"u-small-text u-text u-text-variant u-block-706d-5\">Circe | L'App per il tuo salone di bellezza</p>\n      </div>\n    </div>\n  </div>\n  <style data-mode=\"XL\" data-visited=\"true\">@media (min-width: 1200px){ .u-block-706d-2 {min-height: 133px}\n.u-block-706d-3 {min-height: 63px; width: 570px; margin-top: 35px; margin-bottom: 35px; margin-left: auto; margin-right: auto}\n.u-block-706d-4 {padding-left: 60px; padding-right: 60px}\n.u-block-706d-5 {margin-top: 5px; margin-bottom: 5px; margin-left: 0px; margin-right: 0px} }</style>\n  <style data-mode=\"LG\" data-visited=\"true\">@media (max-width: 1199px) and (min-width: 992px){ .u-block-706d-2 {min-height: 133px}\n.u-block-706d-3 {min-height: 63px; width: 470px; margin-top: 35px; margin-bottom: 35px; margin-left: auto; margin-right: auto}\n.u-block-706d-4 {padding-left: 49.4737px; padding-right: 49.4737px}\n.u-block-706d-5 {margin-top: 5px; margin-bottom: 5px; margin-left: 0px; margin-right: 0px} }</style>\n  <style data-mode=\"MD\" data-visited=\"true\">@media (max-width: 991px) and (min-width: 768px){ .u-block-706d-2 {min-height: 133px}\n.u-block-706d-3 {min-height: 63px; width: 360px; margin-top: 35px; margin-bottom: 35px; margin-left: auto; margin-right: auto}\n.u-block-706d-4 {padding-left: 37.8948px; padding-right: 37.8948px}\n.u-block-706d-5 {margin-top: 5px; margin-bottom: 5px; margin-left: 0px; margin-right: 0px} }</style>\n  <style data-mode=\"SM\" data-visited=\"true\">@media (max-width: 767px) and (min-width: 576px){ .u-block-706d-2 {min-height: 133px}\n.u-block-706d-3 {min-height: 63px; width: 337.5px; margin-top: 35px; margin-bottom: 35px; margin-left: auto; margin-right: auto}\n.u-block-706d-4 {padding-left: 28.421px; padding-right: 28.421px}\n.u-block-706d-5 {margin-top: 5px; margin-bottom: 5px; margin-left: 0px; margin-right: 0px} }</style>\n  <style data-mode=\"XS\" data-visited=\"true\">@media (max-width: 575px){ .u-block-706d-2 {min-height: 133px}\n.u-block-706d-3 {min-height: 63px; width: 337.5px; margin-top: 35px; margin-bottom: 35px; margin-left: auto; margin-right: auto}\n.u-block-706d-4 {padding-left: 28.421px; padding-right: 28.421px}\n.u-block-706d-5 {margin-top: 5px; margin-bottom: 5px; margin-left: 0px; margin-right: 0px} }</style>\n</section>","hideBacklink":null,"homePageId":2985728941,"dateUpdated":1671020668963,"settings":"{\"colorScheme\":{\"bodyColors\":[\"#111111\",\"#ffffff\"],\"bgColor\":\"#ffffff\",\"colors\":[\"#43005d\",\"#f70647\",\"#d16391\",\"#85a2a6\",\"#a1b4ae\"],\"customColors\":[{\"color\":\"#78ffeb\",\"status\":0,\"transparency\":1}],\"shadingContrast\":\"body-alt-color\",\"whiteContrast\":\"body-color\",\"bgContrast\":\"body-color\",\"name\":\"u11\"},\"fontScheme\":{\"name\":\"Montserrat-Raleway\",\"isDefault\":true,\"fonts\":{\"heading\":\"Montserrat, sans-serif\",\"text\":\"Raleway, sans-serif\",\"accent\":\"Arial, sans-serif\",\"headingTitle\":\"Montserrat\",\"textTitle\":\"Raleway\"}},\"typography\":{\"name\":\"custom-page-typography-19\",\"title\":{\"bold\":true,\"letter-spacing\":\"-1\",\"line-height\":\"1_1\",\"font-size\":4.5,\"text-transform\":\"uppercase\",\"margin-top\":20,\"margin-bottom\":20},\"subtitle\":{\"bold\":true,\"line-height\":\"1_1\",\"font-size\":2.25,\"text-transform\":\"uppercase\",\"margin-top\":20,\"margin-bottom\":20},\"h1\":{\"bold\":true,\"letter-spacing\":\"-1\",\"line-height\":\"1_1\",\"font-size\":4.5,\"text-transform\":\"uppercase\",\"margin-top\":20,\"margin-bottom\":20},\"h2\":{\"bold\":true,\"line-height\":\"1_1\",\"font-size\":3,\"text-transform\":\"uppercase\",\"margin-top\":20,\"margin-bottom\":20},\"h3\":{\"bold\":true,\"line-height\":\"1_1\",\"font-size\":1.875,\"text-transform\":\"uppercase\",\"margin-top\":20,\"margin-bottom\":20},\"h4\":{\"bold\":true,\"line-height\":\"1_2\",\"font-size\":1.5,\"text-transform\":\"uppercase\",\"margin-top\":20,\"margin-bottom\":20},\"h5\":{\"bold\":true,\"line-height\":\"1_2\",\"font-size\":1.25,\"text-transform\":\"uppercase\",\"margin-top\":20,\"margin-bottom\":20},\"h6\":{\"bold\":true,\"line-height\":\"1_2\",\"font-size\":1.125,\"text-transform\":\"uppercase\",\"margin-top\":20,\"margin-bottom\":20},\"largeText\":{\"bold\":false,\"line-height\":\"1_6\",\"font-size\":1,\"margin-top\":20,\"margin-bottom\":20},\"text\":{\"bold\":false,\"line-height\":\"1_6\",\"font-size\":1.125,\"margin-top\":20,\"margin-bottom\":20},\"smallText\":{\"bold\":false,\"line-height\":\"1_6\",\"font-size\":0.875,\"margin-top\":20,\"margin-bottom\":20},\"link\":{},\"button\":{\"font-size\":0.75,\"letter-spacing\":1,\"line-height\":\"1_4\",\"color\":\"palette-2-base\",\"margin-top\":20,\"margin-bottom\":20,\"gradient\":\"none\",\"border\":false,\"border-style\":false,\"border-color\":false,\"hover-border-color\":false,\"active-border-color\":false,\"text-color\":false,\"text-transform\":\"uppercase\",\"font-weight\":\"700\"},\"blockquote\":{\"font-style\":\"italic\",\"line-height\":\"1_6\",\"font-size\":1.25,\"indent\":20,\"border\":4,\"border-color\":\"palette-1-base\",\"margin-top\":20,\"margin-bottom\":20},\"metadata\":{\"font-size\":0.75,\"letter-spacing\":\"1\",\"text-transform\":\"uppercase\",\"line-height\":\"1_4\",\"margin-top\":20,\"margin-bottom\":20},\"list\":{\"margin-top\":20,\"margin-bottom\":20},\"orderedlist\":{\"margin-top\":20,\"margin-bottom\":20},\"postContent\":{\"margin-top\":20,\"margin-bottom\":20},\"theme\":{\"gradient\":\"\",\"image\":\"\"},\"htmlBaseSize\":16,\"hyperlink\":{\"text-color\":\"palette-1-base\"}},\"backToTop\":\"<span style=\\\"height: 64px; width: 64px; margin-left: 0px; margin-right: auto; margin-top: 0px; background-image: none; right: 20px; bottom: 20px\\\" class=\\\"u-back-to-top u-icon u-icon-circle u-opacity u-opacity-85 u-palette-1-base u-spacing-15\\\" data-href=\\\"#\\\"><svg class=\\\"u-svg-link\\\" preserveAspectRatio=\\\"xMidYMin slice\\\" viewBox=\\\"0 0 551.13 551.13\\\" style=\\\"\\\"><use xmlns:xlink=\\\"http://www.w3.org/1999/xlink\\\" xlink:href=\\\"#svg-18fa\\\"></use></svg><svg xmlns=\\\"http://www.w3.org/2000/svg\\\" xmlns:xlink=\\\"http://www.w3.org/1999/xlink\\\" version=\\\"1.1\\\" xml:space=\\\"preserve\\\" class=\\\"u-svg-content\\\" viewBox=\\\"0 0 551.13 551.13\\\" id=\\\"svg-18fa\\\"><path d=\\\"m275.565 189.451 223.897 223.897h51.668l-275.565-275.565-275.565 275.565h51.668z\\\"></path></svg>\\n        \\n        \\n    </span>\",\"themeBackLinks\":\"{\\\"data-wp-back-link\\\":\\\"wordpress-themes\\\",\\\"data-wp-back-link-title\\\":\\\"WordPress Theme\\\",\\\"data-jm-back-link\\\":\\\"joomla-templates\\\",\\\"data-jm-back-link-title\\\":\\\"Joomla Template\\\"}\",\"blog\":\"\",\"id\":301597576,\"cookiesSection\":\"<section class=\\\"u-align-center u-block-7ce7-1 u-clearfix u-cookies-consent u-grey-80\\\" custom-posts-hash=\\\"T\\\" style=\\\"background-image: none\\\" data-post-id=\\\"1\\\" data-section-properties=\\\"{&quot;stretch&quot;:true}\\\" data-id=\\\"7ce7\\\" data-posts-content=\\\"[{'images':[],'maps':[],'videos':[],'icons':[],'textWidth':874,'textHeight':152,'id':1,'headingProp':'h3','textProp':'text'}]\\\" data-style=\\\"cookie-1\\\" id=\\\"sec-a0b2\\\" data-source=\\\"\\\">\\n  <div class=\\\"u-block-7ce7-2 u-clearfix u-sheet u-valign-middle\\\" style=\\\"min-height: 212px\\\" data-state=\\\"{&quot;margin-top&quot;:{&quot;shouldApplyDefaultMargins&quot;:{&quot;XL&quot;:false,&quot;LG&quot;:false,&quot;MD&quot;:false,&quot;SM&quot;:false,&quot;XS&quot;:false},&quot;parentVerticalAlign&quot;:{&quot;XL&quot;:&quot;middle&quot;,&quot;LG&quot;:&quot;middle&quot;,&quot;MD&quot;:&quot;middle&quot;,&quot;SM&quot;:&quot;middle&quot;,&quot;XS&quot;:&quot;middle&quot;}},&quot;margin-bottom&quot;:{&quot;shouldApplyDefaultMargins&quot;:{&quot;XL&quot;:false,&quot;LG&quot;:false,&quot;MD&quot;:false,&quot;SM&quot;:false,&quot;XS&quot;:false},&quot;parentVerticalAlign&quot;:{&quot;XL&quot;:&quot;middle&quot;,&quot;LG&quot;:&quot;middle&quot;,&quot;MD&quot;:&quot;middle&quot;,&quot;SM&quot;:&quot;middle&quot;,&quot;XS&quot;:&quot;middle&quot;}}}\\\" data-height-lg=\\\"158\\\" data-height-md=\\\"131\\\" data-height-sm=\\\"106\\\" data-height-xs=\\\"225\\\">\\n    <div class=\\\"u-block-7ce7-7 u-clearfix u-expanded-width u-layout-wrap\\\" style=\\\"margin-top: 30px; margin-bottom: 30px\\\" data-state=\\\"{&quot;margin-top&quot;:{&quot;shouldApplyDefaultMargins&quot;:{&quot;XL&quot;:false,&quot;LG&quot;:false,&quot;MD&quot;:false,&quot;SM&quot;:false,&quot;XS&quot;:false},&quot;parentVerticalAlign&quot;:{&quot;XL&quot;:&quot;middle&quot;,&quot;LG&quot;:&quot;middle&quot;,&quot;MD&quot;:&quot;middle&quot;,&quot;SM&quot;:&quot;middle&quot;,&quot;XS&quot;:&quot;middle&quot;}},&quot;margin-bottom&quot;:{&quot;shouldApplyDefaultMargins&quot;:{&quot;XL&quot;:false,&quot;LG&quot;:false,&quot;MD&quot;:false,&quot;SM&quot;:false,&quot;XS&quot;:false},&quot;parentVerticalAlign&quot;:{&quot;XL&quot;:&quot;middle&quot;,&quot;LG&quot;:&quot;middle&quot;,&quot;MD&quot;:&quot;middle&quot;,&quot;SM&quot;:&quot;middle&quot;,&quot;XS&quot;:&quot;middle&quot;}}}\\\">\\n      <div class=\\\"u-gutter-0 u-layout\\\">\\n        <div class=\\\"u-layout-row\\\">\\n          <div class=\\\"u-block-7ce7-8 u-container-style u-layout-cell u-left-cell u-size-43-md u-size-43-sm u-size-43-xs u-size-46-lg u-size-46-xl\\\" style=\\\"min-height: 152px\\\" data-state=\\\"{&quot;min-height&quot;:{&quot;expandedParent&quot;:{&quot;XL&quot;:true,&quot;LG&quot;:true,&quot;MD&quot;:true,&quot;SM&quot;:true,&quot;XS&quot;:true},&quot;cellMultiplier&quot;:{&quot;XL&quot;:1,&quot;LG&quot;:1,&quot;MD&quot;:0.9347826086956521,&quot;SM&quot;:1.3953488372093024,&quot;XS&quot;:1},&quot;canCollapse&quot;:{&quot;XL&quot;:false,&quot;LG&quot;:false,&quot;MD&quot;:true,&quot;SM&quot;:true,&quot;XS&quot;:true}}}\\\">\\n            <div class=\\\"u-block-7ce7-9 u-container-layout u-valign-middle\\\" style=\\\"padding-top: 30px; padding-bottom: 30px; padding-left: 60px; padding-right: 60px\\\" data-state=\\\"{&quot;min-height&quot;:{&quot;canCollapse&quot;:{&quot;XL&quot;:false,&quot;LG&quot;:false,&quot;MD&quot;:false,&quot;SM&quot;:false,&quot;XS&quot;:false}}}\\\">\\n              <h3 class=\\\"u-block-7ce7-6 u-text\\\" style=\\\"margin-top: 11.5px; margin-right: 471px; margin-bottom: 0px; margin-left: 0px\\\">Cookies &amp; Privacy</h3>\\n              <p class=\\\"u-block-7ce7-5 u-text\\\" style=\\\"margin-top: 8px; margin-right: 83px; margin-bottom: 0px; margin-left: 0px\\\">This website uses cookies to ensure you get the best experience on our website.</p>\\n            </div>\\n          </div>\\n          <div class=\\\"u-align-left u-block-7ce7-10 u-container-style u-layout-cell u-right-cell u-size-14-lg u-size-14-xl u-size-17-md u-size-17-sm u-size-17-xs\\\" style=\\\"min-height: 152px\\\" data-state=\\\"{&quot;min-height&quot;:{&quot;expandedParent&quot;:{&quot;XL&quot;:true,&quot;LG&quot;:true,&quot;MD&quot;:true,&quot;SM&quot;:true,&quot;XS&quot;:true},&quot;cellMultiplier&quot;:{&quot;XL&quot;:1,&quot;LG&quot;:1,&quot;MD&quot;:1.2142857142857142,&quot;SM&quot;:3.5294117647058822,&quot;XS&quot;:1},&quot;canCollapse&quot;:{&quot;XL&quot;:false,&quot;LG&quot;:false,&quot;MD&quot;:true,&quot;SM&quot;:true,&quot;XS&quot;:true}}}\\\">\\n            <div class=\\\"u-block-7ce7-11 u-container-layout u-valign-middle-lg u-valign-middle-md u-valign-middle-xl u-valign-top-sm u-valign-top-xs\\\" style=\\\"padding-top: 30px; padding-bottom: 30px; padding-left: 30px; padding-right: 30px\\\" data-state=\\\"{&quot;min-height&quot;:{&quot;canCollapse&quot;:{&quot;XL&quot;:false,&quot;LG&quot;:false,&quot;MD&quot;:false,&quot;SM&quot;:false,&quot;XS&quot;:false}}}\\\">\\n              <a href=\\\"###\\\" class=\\\"u-block-7ce7-3 u-btn u-button-confirm u-button-style u-palette-1-base\\\" style=\\\"margin-top: 0px; margin-right: auto; margin-bottom: 0px; margin-left: 0px\\\">Confirm</a>\\n            </div>\\n          </div>\\n        </div>\\n      </div>\\n    </div>\\n  </div>\\n  <style data-mode=\\\"XL\\\">@media (max-width: 0px) { .u-block-7ce7-1 {background-image: none}\\n.u-block-7ce7-2 {min-height: 212px}\\n.u-block-7ce7-7 {margin-top: 30px; margin-bottom: 30px}\\n.u-block-7ce7-8 {min-height: 152px}\\n.u-block-7ce7-9 {padding-top: 30px; padding-bottom: 30px; padding-left: 60px; padding-right: 60px}\\n.u-block-7ce7-6 {margin-top: 11.5px; margin-right: 471px; margin-bottom: 0px; margin-left: 0px}\\n.u-block-7ce7-5 {margin-top: 8px; margin-right: 83px; margin-bottom: 0px; margin-left: 0px}\\n.u-block-7ce7-10 {min-height: 152px}\\n.u-block-7ce7-11 {padding-top: 30px; padding-bottom: 30px; padding-left: 30px; padding-right: 30px}\\n.u-block-7ce7-3 {margin-top: 0px; margin-right: auto; margin-bottom: 0px; margin-left: 0px} }</style>\\n  <style data-mode=\\\"LG\\\">@media (max-width: 0px) { .u-block-7ce7-1 {background-image: none}\\n.u-block-7ce7-2 {min-height: 131px}\\n.u-block-7ce7-7 {margin-top: 30px; margin-bottom: 30px}\\n.u-block-7ce7-8 {min-height: 125px}\\n.u-block-7ce7-9 {padding-top: 30px; padding-bottom: 30px; padding-left: 60px; padding-right: 60px}\\n.u-block-7ce7-6 {margin-top: 11.5px; margin-right: 318px; margin-bottom: 0px; margin-left: 0px}\\n.u-block-7ce7-5 {margin-top: 8px; margin-right: 0px; margin-bottom: 0px; margin-left: 0px}\\n.u-block-7ce7-10 {min-height: 125px}\\n.u-block-7ce7-11 {padding-top: 30px; padding-bottom: 30px; padding-left: 30px; padding-right: 30px}\\n.u-block-7ce7-3 {margin-top: 0px; margin-right: auto; margin-bottom: 0px; margin-left: 0px} }</style>\\n  <style data-mode=\\\"MD\\\" data-visited=\\\"true\\\">@media (max-width: 0px) { .u-block-7ce7-1 {background-image: none}\\n.u-block-7ce7-2 {min-height: 106px}\\n.u-block-7ce7-7 {margin-top: 30px; margin-bottom: 30px}\\n.u-block-7ce7-8 {min-height: 100px}\\n.u-block-7ce7-9 {padding-top: 30px; padding-bottom: 30px; padding-left: 30px; padding-right: 30px}\\n.u-block-7ce7-6 {margin-top: 11.5px; margin-right: 173px; margin-bottom: 0px; margin-left: 0px}\\n.u-block-7ce7-5 {margin-top: 8px; margin-right: 0px; margin-bottom: 0px; margin-left: 0px}\\n.u-block-7ce7-10 {min-height: 100px}\\n.u-block-7ce7-11 {padding-top: 30px; padding-bottom: 30px; padding-left: 30px; padding-right: 30px}\\n.u-block-7ce7-3 {margin-top: 0px; margin-right: auto; margin-bottom: 0px; margin-left: 0px} }</style>\\n  <style data-mode=\\\"SM\\\" data-visited=\\\"true\\\">@media (max-width: 0px) { .u-block-7ce7-1 {background-image: none}\\n.u-block-7ce7-2 {min-height: 225px}\\n.u-block-7ce7-7 {margin-top: 30px; margin-bottom: 30px}\\n.u-block-7ce7-8 {min-height: 154px}\\n.u-block-7ce7-9 {padding-top: 30px; padding-left: 10px; padding-right: 10px; padding-bottom: 20px}\\n.u-block-7ce7-6 {margin-top: 11.5px; margin-right: 173px; margin-bottom: 0px; margin-left: 0px}\\n.u-block-7ce7-5 {margin-top: 8px; margin-right: 0px; margin-bottom: 0px; margin-left: 0px}\\n.u-block-7ce7-10 {min-height: 65px}\\n.u-block-7ce7-11 {padding-top: 10px; padding-bottom: 10px; padding-left: 10px; padding-right: 10px}\\n.u-block-7ce7-3 {margin-top: 0px; margin-right: auto; margin-bottom: 0px; margin-left: 0px} }</style>\\n  <style data-mode=\\\"XS\\\" data-visited=\\\"true\\\">@media (max-width: 0px) { .u-block-7ce7-1 {background-image: none}\\n.u-block-7ce7-2 {min-height: 121px}\\n.u-block-7ce7-7 {margin-top: 30px; margin-bottom: 30px}\\n.u-block-7ce7-8 {min-height: 100px}\\n.u-block-7ce7-9 {padding-top: 30px; padding-bottom: 20px; padding-left: 10px; padding-right: 10px}\\n.u-block-7ce7-6 {margin-top: 11.5px; margin-right: 0px; margin-bottom: 0px; margin-left: 0px}\\n.u-block-7ce7-5 {margin-top: 8px; margin-right: 0px; margin-bottom: 0px; margin-left: 0px}\\n.u-block-7ce7-10 {min-height: 15px}\\n.u-block-7ce7-11 {padding-top: 10px; padding-bottom: 10px; padding-left: 10px; padding-right: 10px}\\n.u-block-7ce7-3 {margin-top: 0px; margin-right: auto; margin-bottom: 0px; margin-left: 0px} }</style>\\n</section>\",\"title\":\"Circe\",\"homePageId\":\"2985728941\",\"description\":\"Circe è un&apos;app per smartphone, tablet e computer per la gestione di saloni di bellezza, centri estetici, parrucchiere e parrucchieri. Gestisce l&apos;agenda degli appuntamenti, clienti, magazzino, trattamenti, entrate e spese, reportistica, messaggi sms e whatsapp.\",\"keywords\":\"salone, saloni, parrucchiere, parrucchieri, estetista, onicotecnica, salone di bellezza, saloni di bellezza, gestionale, agenda, planning, sms, whatsapp, messaggi\",\"analytics\":\"\",\"googleTagManager\":\"\",\"googleOptimizeId\":\"OPT-MLD5QQ9\",\"captchaSiteKey\":\"6Ld9toMaAAAAABjUBUhDhUX5kzIdtFgD9wQYVhph\",\"captchaSecretKey\":\"6Ld9toMaAAAAAN0lBMzteDfuBj7MhJGmP8LZ9FHA\",\"metaTags\":\"\",\"headHtml\":\"<script async src=\\\"https://www.googletagmanager.com/gtag/js?id=G-L7FVZ8JN7Q\\\"></script>\\n<script>\\n  window.dataLayer = window.dataLayer || [];\\n  function gtag(){dataLayer.push(arguments);}\\n  gtag('js', new Date());\\n\\n  gtag('config', 'G-L7FVZ8JN7Q');\\n</script>\",\"customCss\":\"\",\"themeAuthor\":\"\",\"themeAuthorUrl\":\"\",\"themeVersion\":\"1.0\",\"themeUrl\":\"\",\"themeTags\":\"left-sidebar, right-sidebar, custom-background, custom-colors, blog\",\"themeDescription\":\"Nicepage-generated theme\",\"showBrand\":\"false\",\"favicon\":\"favicon.png\",\"whiteLabelTitle\":\"Nicepage\",\"whiteLabelLogoSmall\":\"\",\"whiteLabelLogoBig\":\"\",\"whiteLabelAuthor\":\"Nicepage https://www.nicepage.com\",\"whiteLabelAuthorUrl\":\"https://nicepage.com/\",\"whiteLabelDescription\":\"Design websites with any images and texts in seconds!\",\"themeThumbnail\":\"\",\"cookies\":\"false\",\"cookieConfirmCode\":\"\",\"embedFonts\":\"false\",\"lazyLoading\":\"false\",\"lang\":\"it\",\"country\":\"IT\",\"clientMode\":\"false\",\"analyticsCode\":\"\",\"captchaScript\":\"<script src=\\\"https://www.google.com/recaptcha/api.js?render=6Ld9toMaAAAAABjUBUhDhUX5kzIdtFgD9wQYVhph\\\"></script>\\n    <script>\\n( function( grecaptcha, sitekey, actions ) {\\n\\n\\tvar recaptcha = {\\n\\n\\t\\texecute: function( action ) {\\n\\t\\t\\tgrecaptcha.execute(\\n\\t\\t\\t\\tsitekey,\\n\\t\\t\\t\\t{ action: action }\\n\\t\\t\\t).then( function( token ) {\\n\\t\\t\\t\\tvar forms = document.getElementsByTagName( 'form' );\\n\\n\\t\\t\\t\\tfor ( var i = 0; i < forms.length; i++ ) {\\n\\t\\t\\t\\t\\tvar fields = forms[ i ].getElementsByTagName( 'input' );\\n\\n\\t\\t\\t\\t\\tfor ( var j = 0; j < fields.length; j++ ) {\\n\\t\\t\\t\\t\\t\\tvar field = fields[ j ];\\n\\n\\t\\t\\t\\t\\t\\tif ( 'recaptchaResponse' === field.getAttribute( 'name' ) ) {\\n\\t\\t\\t\\t\\t\\t\\tfield.setAttribute( 'value', token );\\n\\t\\t\\t\\t\\t\\t\\tbreak;\\n\\t\\t\\t\\t\\t\\t}\\n\\t\\t\\t\\t\\t}\\n\\t\\t\\t\\t}\\n\\t\\t\\t} );\\n\\t\\t},\\n\\n\\t\\texecuteContact: function() {\\n\\t\\t\\trecaptcha.execute( actions[ 'contact' ] );\\n\\t\\t}\\n\\t};\\n\\n\\tgrecaptcha.ready(\\n\\t\\trecaptcha.executeContact\\n\\t);\\n\\n\\tdocument.addEventListener( 'change',\\n\\t\\trecaptcha.executeContact, false\\n\\t);\\n} )(\\n\\tgrecaptcha,\\n\\t'6Ld9toMaAAAAABjUBUhDhUX5kzIdtFgD9wQYVhph',\\n\\t{\\\"contact\\\":\\\"contact\\\"}\\n);\\n    </script>\",\"publishNicePageCss\":\"\",\"cookiesConsent\":{\"publishCookiesSection\":\"<section class=\\\"u-align-center u-clearfix u-cookies-consent u-grey-80 u-cookies-consent\\\" id=\\\"sec-a0b2\\\">\\n      <div class=\\\"u-clearfix u-sheet u-valign-middle u-sheet-1\\\">\\n        <div class=\\\"u-clearfix u-expanded-width u-layout-wrap u-layout-wrap-1\\\">\\n          <div class=\\\"u-gutter-0 u-layout\\\">\\n            <div class=\\\"u-layout-row\\\">\\n              <div class=\\\"u-container-style u-layout-cell u-left-cell u-size-43-md u-size-43-sm u-size-43-xs u-size-46-lg u-size-46-xl u-layout-cell-1\\\">\\n                <div class=\\\"u-container-layout u-valign-middle u-container-layout-1\\\">\\n                  <h3 class=\\\"u-text u-text-1\\\">Cookies &amp; Privacy</h3>\\n                  <p class=\\\"u-text u-text-2\\\">This website uses cookies to ensure you get the best experience on our website.</p>\\n                </div>\\n              </div>\\n              <div class=\\\"u-align-left u-container-style u-layout-cell u-right-cell u-size-14-lg u-size-14-xl u-size-17-md u-size-17-sm u-size-17-xs u-layout-cell-2\\\">\\n                <div class=\\\"u-container-layout u-valign-middle-lg u-valign-middle-md u-valign-middle-xl u-valign-top-sm u-valign-top-xs u-container-layout-2\\\">\\n                  <a href=\\\"###\\\" class=\\\"u-btn u-button-confirm u-button-style u-palette-1-base u-btn-1\\\">Confirm</a>\\n                </div>\\n              </div>\\n            </div>\\n          </div>\\n        </div>\\n      </div>\\n    <style>.u-cookies-consent {\\n  background-image: none;\\n}\\n\\n.u-cookies-consent .u-sheet-1 {\\n  min-height: 212px;\\n}\\n\\n.u-cookies-consent .u-layout-wrap-1 {\\n  margin-top: 30px;\\n  margin-bottom: 30px;\\n}\\n\\n.u-cookies-consent .u-layout-cell-1 {\\n  min-height: 152px;\\n}\\n\\n.u-cookies-consent .u-container-layout-1 {\\n  padding: 30px 60px;\\n}\\n\\n.u-cookies-consent .u-text-1 {\\n  margin: 12px 471px 0 0;\\n}\\n\\n.u-cookies-consent .u-text-2 {\\n  margin: 8px 83px 0 0;\\n}\\n\\n.u-cookies-consent .u-layout-cell-2 {\\n  min-height: 152px;\\n}\\n\\n.u-cookies-consent .u-container-layout-2 {\\n  padding: 30px;\\n}\\n\\n.u-cookies-consent .u-btn-1 {\\n  margin: 0 auto 0 0;\\n}\\n\\n@media (max-width: 1199px) {\\n  .u-cookies-consent .u-sheet-1 {\\n    min-height: 131px;\\n  }\\n\\n  .u-cookies-consent .u-layout-cell-1 {\\n    min-height: 125px;\\n  }\\n\\n  .u-cookies-consent .u-text-1 {\\n    margin-right: 318px;\\n  }\\n\\n  .u-cookies-consent .u-text-2 {\\n    margin-right: 0;\\n  }\\n\\n  .u-cookies-consent .u-layout-cell-2 {\\n    min-height: 125px;\\n  }\\n}\\n\\n@media (max-width: 991px) {\\n  .u-cookies-consent .u-sheet-1 {\\n    min-height: 106px;\\n  }\\n\\n  .u-cookies-consent .u-layout-cell-1 {\\n    min-height: 100px;\\n  }\\n\\n  .u-cookies-consent .u-container-layout-1 {\\n    padding-left: 30px;\\n    padding-right: 30px;\\n  }\\n\\n  .u-cookies-consent .u-text-1 {\\n    margin-right: 173px;\\n  }\\n\\n  .u-cookies-consent .u-layout-cell-2 {\\n    min-height: 100px;\\n  }\\n}\\n\\n@media (max-width: 767px) {\\n  .u-cookies-consent .u-sheet-1 {\\n    min-height: 225px;\\n  }\\n\\n  .u-cookies-consent .u-layout-cell-1 {\\n    min-height: 154px;\\n  }\\n\\n  .u-cookies-consent .u-container-layout-1 {\\n    padding-left: 10px;\\n    padding-right: 10px;\\n    padding-bottom: 20px;\\n  }\\n\\n  .u-cookies-consent .u-layout-cell-2 {\\n    min-height: 65px;\\n  }\\n\\n  .u-cookies-consent .u-container-layout-2 {\\n    padding: 10px;\\n  }\\n}\\n\\n@media (max-width: 575px) {\\n  .u-cookies-consent .u-sheet-1 {\\n    min-height: 121px;\\n  }\\n\\n  .u-cookies-consent .u-layout-cell-1 {\\n    min-height: 100px;\\n  }\\n\\n  .u-cookies-consent .u-text-1 {\\n    margin-right: 0;\\n  }\\n\\n  .u-cookies-consent .u-layout-cell-2 {\\n    min-height: 15px;\\n  }\\n}</style></section>\",\"hideCookies\":false,\"cookieConfirmCode\":\"\"},\"formMailTo\":\"fabio.fucci@gmail.com\",\"siteStyleCss\":\"\",\"disableOpenGraph\":\"false\",\"requiredSaveCaptchaKey\":false}","title":"Circe","siteStyleCss":"<style id=\"color-scheme\" color-scheme=\"u11\" color-style=\"multicolor-2\">.u-body {\n--none: transparent;\n--none-darker: transparent;\n--none-r: 255;\n--none-g: 255;\n--none-b: 255;\n--none-contrast: body-color;\n--none-contrast-darker: body-color;\n--none-text-color: var(--body-color);\n--transparent: transparent;\n--transparent-darker: transparent;\n--transparent-r: 255;\n--transparent-g: 255;\n--transparent-b: 255;\n--transparent-contrast: body-color;\n--transparent-contrast-darker: body-color;\n--transparent-text-color: var(--body-color);\n--custom-color-1: #78ffeb;\n--custom-color-1-darker: #53ffe5;\n--custom-color-1-r: 120;\n--custom-color-1-g: 255;\n--custom-color-1-b: 235;\n--custom-color-1-contrast: black;\n--custom-color-1-contrast-darker: black;\n--custom-color-1-text-color: var(--body-color);\n--body-color: #111111;\n--body-color-darker: #0f0f0f;\n--body-color-r: 17;\n--body-color-g: 17;\n--body-color-b: 17;\n--body-color-contrast: white;\n--body-color-contrast-darker: white;\n--body-color-text-color: var(--body-alt-color);\n--body-alt-color: #ffffff;\n--body-alt-color-darker: #e6e6e6;\n--body-alt-color-r: 255;\n--body-alt-color-g: 255;\n--body-alt-color-b: 255;\n--body-alt-color-contrast: black;\n--body-alt-color-contrast-darker: black;\n--body-alt-color-text-color: var(--body-color);\n--bg-color: #ffffff;\n--bg-color-darker: #e6e6e6;\n--bg-color-r: 255;\n--bg-color-g: 255;\n--bg-color-b: 255;\n--bg-color-contrast: black;\n--bg-color-contrast-darker: black;\n--bg-color-text-color: var(--body-color);\n--palette-1-base: #43005d;\n--palette-1-base-darker: #3c0054;\n--palette-1-base-r: 67;\n--palette-1-base-g: 0;\n--palette-1-base-b: 93;\n--palette-1-base-contrast: white;\n--palette-1-base-contrast-darker: white;\n--palette-1-base-text-color: var(--body-alt-color);\n--palette-1-dark-3: #302933;\n--palette-1-dark-3-darker: #2b252e;\n--palette-1-dark-3-r: 48;\n--palette-1-dark-3-g: 41;\n--palette-1-dark-3-b: 51;\n--palette-1-dark-3-contrast: white;\n--palette-1-dark-3-contrast-darker: white;\n--palette-1-dark-3-text-color: var(--body-alt-color);\n--palette-1-dark-2: #3c1d48;\n--palette-1-dark-2-darker: #361a41;\n--palette-1-dark-2-r: 60;\n--palette-1-dark-2-g: 29;\n--palette-1-dark-2-b: 72;\n--palette-1-dark-2-contrast: white;\n--palette-1-dark-2-contrast-darker: white;\n--palette-1-dark-2-text-color: var(--body-alt-color);\n--palette-1-dark-1: #43005d;\n--palette-1-dark-1-darker: #3c0054;\n--palette-1-dark-1-r: 67;\n--palette-1-dark-1-g: 0;\n--palette-1-dark-1-b: 93;\n--palette-1-dark-1-contrast: white;\n--palette-1-dark-1-contrast-darker: white;\n--palette-1-dark-1-text-color: var(--body-alt-color);\n--palette-1: #b82fed;\n--palette-1-darker: #af15eb;\n--palette-1-r: 184;\n--palette-1-g: 47;\n--palette-1-b: 237;\n--palette-1-contrast: white;\n--palette-1-contrast-darker: white;\n--palette-1-text-color: var(--body-alt-color);\n--palette-1-light-1: #cd6af3;\n--palette-1-light-1-darker: #c24af0;\n--palette-1-light-1-r: 205;\n--palette-1-light-1-g: 106;\n--palette-1-light-1-b: 243;\n--palette-1-light-1-contrast: white;\n--palette-1-light-1-contrast-darker: white;\n--palette-1-light-1-text-color: var(--body-alt-color);\n--palette-1-light-2: #e2a8f8;\n--palette-1-light-2-darker: #d581f5;\n--palette-1-light-2-r: 226;\n--palette-1-light-2-g: 168;\n--palette-1-light-2-b: 248;\n--palette-1-light-2-contrast: black;\n--palette-1-light-2-contrast-darker: white;\n--palette-1-light-2-text-color: var(--body-color);\n--palette-1-light-3: #f8e9fd;\n--palette-1-light-3-darker: #eabcf9;\n--palette-1-light-3-r: 248;\n--palette-1-light-3-g: 233;\n--palette-1-light-3-b: 253;\n--palette-1-light-3-contrast: black;\n--palette-1-light-3-contrast-darker: black;\n--palette-1-light-3-text-color: var(--body-color);\n--palette-2-base: #f70647;\n--palette-2-base-darker: #de0540;\n--palette-2-base-r: 247;\n--palette-2-base-g: 6;\n--palette-2-base-b: 71;\n--palette-2-base-contrast: white;\n--palette-2-base-contrast-darker: white;\n--palette-2-base-text-color: var(--body-alt-color);\n--palette-2-dark-3: #33292c;\n--palette-2-dark-3-darker: #2e2528;\n--palette-2-dark-3-r: 51;\n--palette-2-dark-3-g: 41;\n--palette-2-dark-3-b: 44;\n--palette-2-dark-3-contrast: white;\n--palette-2-dark-3-contrast-darker: white;\n--palette-2-dark-3-text-color: var(--body-alt-color);\n--palette-2-dark-2: #743f4d;\n--palette-2-dark-2-darker: #683945;\n--palette-2-dark-2-r: 116;\n--palette-2-dark-2-g: 63;\n--palette-2-dark-2-b: 77;\n--palette-2-dark-2-contrast: white;\n--palette-2-dark-2-contrast-darker: white;\n--palette-2-dark-2-text-color: var(--body-alt-color);\n--palette-2-dark-1: #b63357;\n--palette-2-dark-1-darker: #a42e4e;\n--palette-2-dark-1-r: 182;\n--palette-2-dark-1-g: 51;\n--palette-2-dark-1-b: 87;\n--palette-2-dark-1-contrast: white;\n--palette-2-dark-1-contrast-darker: white;\n--palette-2-dark-1-text-color: var(--body-alt-color);\n--palette-2: #f70647;\n--palette-2-darker: #de0540;\n--palette-2-r: 247;\n--palette-2-g: 6;\n--palette-2-b: 71;\n--palette-2-contrast: white;\n--palette-2-contrast-darker: white;\n--palette-2-text-color: var(--body-alt-color);\n--palette-2-light-1: #f94f7d;\n--palette-2-light-1-darker: #f82f66;\n--palette-2-light-1-r: 249;\n--palette-2-light-1-g: 79;\n--palette-2-light-1-b: 125;\n--palette-2-light-1-contrast: white;\n--palette-2-light-1-contrast-darker: white;\n--palette-2-light-1-text-color: var(--body-alt-color);\n--palette-2-light-2: #fc9ab4;\n--palette-2-light-2-darker: #fb7397;\n--palette-2-light-2-r: 252;\n--palette-2-light-2-g: 154;\n--palette-2-light-2-b: 180;\n--palette-2-light-2-contrast: white;\n--palette-2-light-2-contrast-darker: white;\n--palette-2-light-2-text-color: var(--body-alt-color);\n--palette-2-light-3: #fee5ec;\n--palette-2-light-3-darker: #fcb6ca;\n--palette-2-light-3-r: 254;\n--palette-2-light-3-g: 229;\n--palette-2-light-3-b: 236;\n--palette-2-light-3-contrast: black;\n--palette-2-light-3-contrast-darker: black;\n--palette-2-light-3-text-color: var(--body-color);\n--palette-3-base: #d16391;\n--palette-3-base-darker: #ca4b80;\n--palette-3-base-r: 209;\n--palette-3-base-g: 99;\n--palette-3-base-b: 145;\n--palette-3-base-contrast: white;\n--palette-3-base-contrast-darker: white;\n--palette-3-base-text-color: var(--body-alt-color);\n--palette-3-dark-3: #33292d;\n--palette-3-dark-3-darker: #2e2529;\n--palette-3-dark-3-r: 51;\n--palette-3-dark-3-g: 41;\n--palette-3-dark-3-b: 45;\n--palette-3-dark-3-contrast: white;\n--palette-3-dark-3-contrast-darker: white;\n--palette-3-dark-3-text-color: var(--body-alt-color);\n--palette-3-dark-2: #684855;\n--palette-3-dark-2-darker: #5e414d;\n--palette-3-dark-2-r: 104;\n--palette-3-dark-2-g: 72;\n--palette-3-dark-2-b: 85;\n--palette-3-dark-2-contrast: white;\n--palette-3-dark-2-contrast-darker: white;\n--palette-3-dark-2-text-color: var(--body-alt-color);\n--palette-3-dark-1: #9c5b76;\n--palette-3-dark-1-darker: #8c526a;\n--palette-3-dark-1-r: 156;\n--palette-3-dark-1-g: 91;\n--palette-3-dark-1-b: 118;\n--palette-3-dark-1-contrast: white;\n--palette-3-dark-1-contrast-darker: white;\n--palette-3-dark-1-text-color: var(--body-alt-color);\n--palette-3: #d16391;\n--palette-3-darker: #ca4b80;\n--palette-3-r: 209;\n--palette-3-g: 99;\n--palette-3-b: 145;\n--palette-3-contrast: white;\n--palette-3-contrast-darker: white;\n--palette-3-text-color: var(--body-alt-color);\n--palette-3-light-1: #df8daf;\n--palette-3-light-1-darker: #d7719b;\n--palette-3-light-1-r: 223;\n--palette-3-light-1-g: 141;\n--palette-3-light-1-b: 175;\n--palette-3-light-1-contrast: white;\n--palette-3-light-1-contrast-darker: white;\n--palette-3-light-1-text-color: var(--body-alt-color);\n--palette-3-light-2: #edbbd0;\n--palette-3-light-2-darker: #e499b9;\n--palette-3-light-2-r: 237;\n--palette-3-light-2-g: 187;\n--palette-3-light-2-b: 208;\n--palette-3-light-2-contrast: black;\n--palette-3-light-2-contrast-darker: white;\n--palette-3-light-2-text-color: var(--body-color);\n--palette-3-light-3: #faedf3;\n--palette-3-light-3-darker: #efc7da;\n--palette-3-light-3-r: 250;\n--palette-3-light-3-g: 237;\n--palette-3-light-3-b: 243;\n--palette-3-light-3-contrast: black;\n--palette-3-light-3-contrast-darker: black;\n--palette-3-light-3-text-color: var(--body-color);\n--palette-4-base: #85a2a6;\n--palette-4-base-darker: #749599;\n--palette-4-base-r: 133;\n--palette-4-base-g: 162;\n--palette-4-base-b: 166;\n--palette-4-base-contrast: white;\n--palette-4-base-contrast-darker: white;\n--palette-4-base-text-color: var(--body-alt-color);\n--palette-4-dark-3: #293233;\n--palette-4-dark-3-darker: #252d2e;\n--palette-4-dark-3-r: 41;\n--palette-4-dark-3-g: 50;\n--palette-4-dark-3-b: 51;\n--palette-4-dark-3-contrast: white;\n--palette-4-dark-3-contrast-darker: white;\n--palette-4-dark-3-text-color: var(--body-alt-color);\n--palette-4-dark-2: #485759;\n--palette-4-dark-2-darker: #414e50;\n--palette-4-dark-2-r: 72;\n--palette-4-dark-2-g: 87;\n--palette-4-dark-2-b: 89;\n--palette-4-dark-2-contrast: white;\n--palette-4-dark-2-contrast-darker: white;\n--palette-4-dark-2-text-color: var(--body-alt-color);\n--palette-4-dark-1: #667d80;\n--palette-4-dark-1-darker: #5c7173;\n--palette-4-dark-1-r: 102;\n--palette-4-dark-1-g: 125;\n--palette-4-dark-1-b: 128;\n--palette-4-dark-1-contrast: white;\n--palette-4-dark-1-contrast-darker: white;\n--palette-4-dark-1-text-color: var(--body-alt-color);\n--palette-4: #85a2a6;\n--palette-4-darker: #749599;\n--palette-4-r: 133;\n--palette-4-g: 162;\n--palette-4-b: 166;\n--palette-4-contrast: white;\n--palette-4-contrast-darker: white;\n--palette-4-text-color: var(--body-alt-color);\n--palette-4-light-1: #a6bdc1;\n--palette-4-light-1-darker: #91adb2;\n--palette-4-light-1-r: 166;\n--palette-4-light-1-g: 189;\n--palette-4-light-1-b: 193;\n--palette-4-light-1-contrast: white;\n--palette-4-light-1-contrast-darker: white;\n--palette-4-light-1-text-color: var(--body-alt-color);\n--palette-4-light-2: #cad9db;\n--palette-4-light-2-darker: #b1c7ca;\n--palette-4-light-2-r: 202;\n--palette-4-light-2-g: 217;\n--palette-4-light-2-b: 219;\n--palette-4-light-2-contrast: black;\n--palette-4-light-2-contrast-darker: black;\n--palette-4-light-2-text-color: var(--body-color);\n--palette-4-light-3: #f1f6f6;\n--palette-4-light-3-darker: #d3e3e3;\n--palette-4-light-3-r: 241;\n--palette-4-light-3-g: 246;\n--palette-4-light-3-b: 246;\n--palette-4-light-3-contrast: black;\n--palette-4-light-3-contrast-darker: black;\n--palette-4-light-3-text-color: var(--body-color);\n--palette-5-base: #a1b4ae;\n--palette-5-base-darker: #8ea59e;\n--palette-5-base-r: 161;\n--palette-5-base-g: 180;\n--palette-5-base-b: 174;\n--palette-5-base-contrast: white;\n--palette-5-base-contrast-darker: white;\n--palette-5-base-text-color: var(--body-alt-color);\n--palette-5-dark-3: #293330;\n--palette-5-dark-3-darker: #252e2b;\n--palette-5-dark-3-r: 41;\n--palette-5-dark-3-g: 51;\n--palette-5-dark-3-b: 48;\n--palette-5-dark-3-contrast: white;\n--palette-5-dark-3-contrast-darker: white;\n--palette-5-dark-3-text-color: var(--body-alt-color);\n--palette-5-dark-2: #4e5e59;\n--palette-5-dark-2-darker: #465550;\n--palette-5-dark-2-r: 78;\n--palette-5-dark-2-g: 94;\n--palette-5-dark-2-b: 89;\n--palette-5-dark-2-contrast: white;\n--palette-5-dark-2-contrast-darker: white;\n--palette-5-dark-2-text-color: var(--body-alt-color);\n--palette-5-dark-1: #768983;\n--palette-5-dark-1-darker: #6a7b76;\n--palette-5-dark-1-r: 118;\n--palette-5-dark-1-g: 137;\n--palette-5-dark-1-b: 131;\n--palette-5-dark-1-contrast: white;\n--palette-5-dark-1-contrast-darker: white;\n--palette-5-dark-1-text-color: var(--body-alt-color);\n--palette-5: #a1b4ae;\n--palette-5-darker: #8ea59e;\n--palette-5-r: 161;\n--palette-5-g: 180;\n--palette-5-b: 174;\n--palette-5-contrast: white;\n--palette-5-contrast-darker: white;\n--palette-5-text-color: var(--body-alt-color);\n--palette-5-light-1: #bbcbc6;\n--palette-5-light-1-darker: #a5bab3;\n--palette-5-light-1-r: 187;\n--palette-5-light-1-g: 203;\n--palette-5-light-1-b: 198;\n--palette-5-light-1-contrast: black;\n--palette-5-light-1-contrast-darker: white;\n--palette-5-light-1-text-color: var(--body-color);\n--palette-5-light-2: #d6e1de;\n--palette-5-light-2-darker: #bdceca;\n--palette-5-light-2-r: 214;\n--palette-5-light-2-g: 225;\n--palette-5-light-2-b: 222;\n--palette-5-light-2-contrast: black;\n--palette-5-light-2-contrast-darker: black;\n--palette-5-light-2-text-color: var(--body-color);\n--palette-5-light-3: #f3f8f6;\n--palette-5-light-3-darker: #d4e6df;\n--palette-5-light-3-r: 243;\n--palette-5-light-3-g: 248;\n--palette-5-light-3-b: 246;\n--palette-5-light-3-contrast: black;\n--palette-5-light-3-contrast-darker: black;\n--palette-5-light-3-text-color: var(--body-color);\n--grey-40: #999999;\n--grey-40-darker: #8a8a8a;\n--grey-40-r: 153;\n--grey-40-g: 153;\n--grey-40-b: 153;\n--grey-40-contrast: white;\n--grey-40-contrast-darker: white;\n--grey-40-text-color: var(--body-alt-color);\n--grey-30: #b3b3b3;\n--grey-30-darker: #a1a1a1;\n--grey-30-r: 179;\n--grey-30-g: 179;\n--grey-30-b: 179;\n--grey-30-contrast: white;\n--grey-30-contrast-darker: white;\n--grey-30-text-color: var(--body-alt-color);\n--grey-25: #c0c0c0;\n--grey-25-darker: #adadad;\n--grey-25-r: 192;\n--grey-25-g: 192;\n--grey-25-b: 192;\n--grey-25-contrast: black;\n--grey-25-contrast-darker: white;\n--grey-25-text-color: var(--body-color);\n--white: #ffffff;\n--white-darker: #e6e6e6;\n--white-r: 255;\n--white-g: 255;\n--white-b: 255;\n--white-contrast: black;\n--white-contrast-darker: black;\n--white-text-color: var(--body-color);\n--grey-15: #d9d9d9;\n--grey-15-darker: #c3c3c3;\n--grey-15-r: 217;\n--grey-15-g: 217;\n--grey-15-b: 217;\n--grey-15-contrast: black;\n--grey-15-contrast-darker: black;\n--grey-15-text-color: var(--body-color);\n--grey-10: #e5e5e5;\n--grey-10-darker: #cecece;\n--grey-10-r: 229;\n--grey-10-g: 229;\n--grey-10-b: 229;\n--grey-10-contrast: black;\n--grey-10-contrast-darker: black;\n--grey-10-text-color: var(--body-color);\n--grey-5: #f2f2f2;\n--grey-5-darker: #dadada;\n--grey-5-r: 242;\n--grey-5-g: 242;\n--grey-5-b: 242;\n--grey-5-contrast: black;\n--grey-5-contrast-darker: black;\n--grey-5-text-color: var(--body-color);\n--grey-90: #1a1a1a;\n--grey-90-darker: #171717;\n--grey-90-r: 26;\n--grey-90-g: 26;\n--grey-90-b: 26;\n--grey-90-contrast: white;\n--grey-90-contrast-darker: white;\n--grey-90-text-color: var(--body-alt-color);\n--grey-80: #333333;\n--grey-80-darker: #2e2e2e;\n--grey-80-r: 51;\n--grey-80-g: 51;\n--grey-80-b: 51;\n--grey-80-contrast: white;\n--grey-80-contrast-darker: white;\n--grey-80-text-color: var(--body-alt-color);\n--grey-75: #404040;\n--grey-75-darker: #3a3a3a;\n--grey-75-r: 64;\n--grey-75-g: 64;\n--grey-75-b: 64;\n--grey-75-contrast: white;\n--grey-75-contrast-darker: white;\n--grey-75-text-color: var(--body-alt-color);\n--black: #000000;\n--black-darker: #000000;\n--black-r: 0;\n--black-g: 0;\n--black-b: 0;\n--black-contrast: white;\n--black-contrast-darker: white;\n--black-text-color: var(--body-alt-color);\n--grey-70: #4d4d4d;\n--grey-70-darker: #454545;\n--grey-70-r: 77;\n--grey-70-g: 77;\n--grey-70-b: 77;\n--grey-70-contrast: white;\n--grey-70-contrast-darker: white;\n--grey-70-text-color: var(--body-alt-color);\n--grey-60: #666666;\n--grey-60-darker: #5c5c5c;\n--grey-60-r: 102;\n--grey-60-g: 102;\n--grey-60-b: 102;\n--grey-60-contrast: white;\n--grey-60-contrast-darker: white;\n--grey-60-text-color: var(--body-alt-color);\n--grey-50: #808080;\n--grey-50-darker: #737373;\n--grey-50-r: 128;\n--grey-50-g: 128;\n--grey-50-b: 128;\n--grey-50-contrast: white;\n--grey-50-contrast-darker: white;\n--grey-50-text-color: var(--body-alt-color);\n--grey-dark-3: #212121;\n--grey-dark-3-darker: #1e1e1e;\n--grey-dark-3-r: 33;\n--grey-dark-3-g: 33;\n--grey-dark-3-b: 33;\n--grey-dark-3-contrast: white;\n--grey-dark-3-contrast-darker: white;\n--grey-dark-3-text-color: var(--body-alt-color);\n--grey-dark-2: #333333;\n--grey-dark-2-darker: #2e2e2e;\n--grey-dark-2-r: 51;\n--grey-dark-2-g: 51;\n--grey-dark-2-b: 51;\n--grey-dark-2-contrast: white;\n--grey-dark-2-contrast-darker: white;\n--grey-dark-2-text-color: var(--body-alt-color);\n--grey-dark-1: #454545;\n--grey-dark-1-darker: #3e3e3e;\n--grey-dark-1-r: 69;\n--grey-dark-1-g: 69;\n--grey-dark-1-b: 69;\n--grey-dark-1-contrast: white;\n--grey-dark-1-contrast-darker: white;\n--grey-dark-1-text-color: var(--body-alt-color);\n--grey: #b3b3b3;\n--grey-darker: #a1a1a1;\n--grey-r: 179;\n--grey-g: 179;\n--grey-b: 179;\n--grey-contrast: white;\n--grey-contrast-darker: white;\n--grey-text-color: var(--body-alt-color);\n--grey-light-1: #d9d9d9;\n--grey-light-1-darker: #c3c3c3;\n--grey-light-1-r: 217;\n--grey-light-1-g: 217;\n--grey-light-1-b: 217;\n--grey-light-1-contrast: black;\n--grey-light-1-contrast-darker: black;\n--grey-light-1-text-color: var(--body-color);\n--grey-light-2: #eeeeee;\n--grey-light-2-darker: #d6d6d6;\n--grey-light-2-r: 238;\n--grey-light-2-g: 238;\n--grey-light-2-b: 238;\n--grey-light-2-contrast: black;\n--grey-light-2-contrast-darker: black;\n--grey-light-2-text-color: var(--body-color);\n--grey-light-3: #f6f6f6;\n--grey-light-3-darker: #dddddd;\n--grey-light-3-r: 246;\n--grey-light-3-g: 246;\n--grey-light-3-b: 246;\n--grey-light-3-contrast: black;\n--grey-light-3-contrast-darker: black;\n--grey-light-3-text-color: var(--body-color);\n--color-1-base: #f70647;\n--color-1-base-darker: #de0540;\n--color-1-base-r: 247;\n--color-1-base-g: 6;\n--color-1-base-b: 71;\n--color-1-base-contrast: white;\n--color-1-base-contrast-darker: white;\n--color-1-base-text-color: var(--body-alt-color);\n--color-1-dark-3: #33292c;\n--color-1-dark-3-darker: #2e2528;\n--color-1-dark-3-r: 51;\n--color-1-dark-3-g: 41;\n--color-1-dark-3-b: 44;\n--color-1-dark-3-contrast: white;\n--color-1-dark-3-contrast-darker: white;\n--color-1-dark-3-text-color: var(--body-alt-color);\n--color-1-dark-2: #743f4d;\n--color-1-dark-2-darker: #683945;\n--color-1-dark-2-r: 116;\n--color-1-dark-2-g: 63;\n--color-1-dark-2-b: 77;\n--color-1-dark-2-contrast: white;\n--color-1-dark-2-contrast-darker: white;\n--color-1-dark-2-text-color: var(--body-alt-color);\n--color-1-dark-1: #b63357;\n--color-1-dark-1-darker: #a42e4e;\n--color-1-dark-1-r: 182;\n--color-1-dark-1-g: 51;\n--color-1-dark-1-b: 87;\n--color-1-dark-1-contrast: white;\n--color-1-dark-1-contrast-darker: white;\n--color-1-dark-1-text-color: var(--body-alt-color);\n--color-1: #f70647;\n--color-1-darker: #de0540;\n--color-1-r: 247;\n--color-1-g: 6;\n--color-1-b: 71;\n--color-1-contrast: white;\n--color-1-contrast-darker: white;\n--color-1-text-color: var(--body-alt-color);\n--color-1-light-1: #f94f7d;\n--color-1-light-1-darker: #f82f66;\n--color-1-light-1-r: 249;\n--color-1-light-1-g: 79;\n--color-1-light-1-b: 125;\n--color-1-light-1-contrast: white;\n--color-1-light-1-contrast-darker: white;\n--color-1-light-1-text-color: var(--body-alt-color);\n--color-1-light-2: #fc9ab4;\n--color-1-light-2-darker: #fb7397;\n--color-1-light-2-r: 252;\n--color-1-light-2-g: 154;\n--color-1-light-2-b: 180;\n--color-1-light-2-contrast: white;\n--color-1-light-2-contrast-darker: white;\n--color-1-light-2-text-color: var(--body-alt-color);\n--color-1-light-3: #fee5ec;\n--color-1-light-3-darker: #fcb6ca;\n--color-1-light-3-r: 254;\n--color-1-light-3-g: 229;\n--color-1-light-3-b: 236;\n--color-1-light-3-contrast: black;\n--color-1-light-3-contrast-darker: black;\n--color-1-light-3-text-color: var(--body-color);\n--color-2-base: #d16391;\n--color-2-base-darker: #ca4b80;\n--color-2-base-r: 209;\n--color-2-base-g: 99;\n--color-2-base-b: 145;\n--color-2-base-contrast: white;\n--color-2-base-contrast-darker: white;\n--color-2-base-text-color: var(--body-alt-color);\n--color-2-dark-3: #33292d;\n--color-2-dark-3-darker: #2e2529;\n--color-2-dark-3-r: 51;\n--color-2-dark-3-g: 41;\n--color-2-dark-3-b: 45;\n--color-2-dark-3-contrast: white;\n--color-2-dark-3-contrast-darker: white;\n--color-2-dark-3-text-color: var(--body-alt-color);\n--color-2-dark-2: #684855;\n--color-2-dark-2-darker: #5e414d;\n--color-2-dark-2-r: 104;\n--color-2-dark-2-g: 72;\n--color-2-dark-2-b: 85;\n--color-2-dark-2-contrast: white;\n--color-2-dark-2-contrast-darker: white;\n--color-2-dark-2-text-color: var(--body-alt-color);\n--color-2-dark-1: #9c5b76;\n--color-2-dark-1-darker: #8c526a;\n--color-2-dark-1-r: 156;\n--color-2-dark-1-g: 91;\n--color-2-dark-1-b: 118;\n--color-2-dark-1-contrast: white;\n--color-2-dark-1-contrast-darker: white;\n--color-2-dark-1-text-color: var(--body-alt-color);\n--color-2: #d16391;\n--color-2-darker: #ca4b80;\n--color-2-r: 209;\n--color-2-g: 99;\n--color-2-b: 145;\n--color-2-contrast: white;\n--color-2-contrast-darker: white;\n--color-2-text-color: var(--body-alt-color);\n--color-2-light-1: #df8daf;\n--color-2-light-1-darker: #d7719b;\n--color-2-light-1-r: 223;\n--color-2-light-1-g: 141;\n--color-2-light-1-b: 175;\n--color-2-light-1-contrast: white;\n--color-2-light-1-contrast-darker: white;\n--color-2-light-1-text-color: var(--body-alt-color);\n--color-2-light-2: #edbbd0;\n--color-2-light-2-darker: #e499b9;\n--color-2-light-2-r: 237;\n--color-2-light-2-g: 187;\n--color-2-light-2-b: 208;\n--color-2-light-2-contrast: black;\n--color-2-light-2-contrast-darker: white;\n--color-2-light-2-text-color: var(--body-color);\n--color-2-light-3: #faedf3;\n--color-2-light-3-darker: #efc7da;\n--color-2-light-3-r: 250;\n--color-2-light-3-g: 237;\n--color-2-light-3-b: 243;\n--color-2-light-3-contrast: black;\n--color-2-light-3-contrast-darker: black;\n--color-2-light-3-text-color: var(--body-color);\n--color-3-base: #85a2a6;\n--color-3-base-darker: #749599;\n--color-3-base-r: 133;\n--color-3-base-g: 162;\n--color-3-base-b: 166;\n--color-3-base-contrast: white;\n--color-3-base-contrast-darker: white;\n--color-3-base-text-color: var(--body-alt-color);\n--color-3-dark-3: #293233;\n--color-3-dark-3-darker: #252d2e;\n--color-3-dark-3-r: 41;\n--color-3-dark-3-g: 50;\n--color-3-dark-3-b: 51;\n--color-3-dark-3-contrast: white;\n--color-3-dark-3-contrast-darker: white;\n--color-3-dark-3-text-color: var(--body-alt-color);\n--color-3-dark-2: #485759;\n--color-3-dark-2-darker: #414e50;\n--color-3-dark-2-r: 72;\n--color-3-dark-2-g: 87;\n--color-3-dark-2-b: 89;\n--color-3-dark-2-contrast: white;\n--color-3-dark-2-contrast-darker: white;\n--color-3-dark-2-text-color: var(--body-alt-color);\n--color-3-dark-1: #667d80;\n--color-3-dark-1-darker: #5c7173;\n--color-3-dark-1-r: 102;\n--color-3-dark-1-g: 125;\n--color-3-dark-1-b: 128;\n--color-3-dark-1-contrast: white;\n--color-3-dark-1-contrast-darker: white;\n--color-3-dark-1-text-color: var(--body-alt-color);\n--color-3: #85a2a6;\n--color-3-darker: #749599;\n--color-3-r: 133;\n--color-3-g: 162;\n--color-3-b: 166;\n--color-3-contrast: white;\n--color-3-contrast-darker: white;\n--color-3-text-color: var(--body-alt-color);\n--color-3-light-1: #a6bdc1;\n--color-3-light-1-darker: #91adb2;\n--color-3-light-1-r: 166;\n--color-3-light-1-g: 189;\n--color-3-light-1-b: 193;\n--color-3-light-1-contrast: white;\n--color-3-light-1-contrast-darker: white;\n--color-3-light-1-text-color: var(--body-alt-color);\n--color-3-light-2: #cad9db;\n--color-3-light-2-darker: #b1c7ca;\n--color-3-light-2-r: 202;\n--color-3-light-2-g: 217;\n--color-3-light-2-b: 219;\n--color-3-light-2-contrast: black;\n--color-3-light-2-contrast-darker: black;\n--color-3-light-2-text-color: var(--body-color);\n--color-3-light-3: #f1f6f6;\n--color-3-light-3-darker: #d3e3e3;\n--color-3-light-3-r: 241;\n--color-3-light-3-g: 246;\n--color-3-light-3-b: 246;\n--color-3-light-3-contrast: black;\n--color-3-light-3-contrast-darker: black;\n--color-3-light-3-text-color: var(--body-color);\n--color-4-base: #a1b4ae;\n--color-4-base-darker: #8ea59e;\n--color-4-base-r: 161;\n--color-4-base-g: 180;\n--color-4-base-b: 174;\n--color-4-base-contrast: white;\n--color-4-base-contrast-darker: white;\n--color-4-base-text-color: var(--body-alt-color);\n--color-4-dark-3: #293330;\n--color-4-dark-3-darker: #252e2b;\n--color-4-dark-3-r: 41;\n--color-4-dark-3-g: 51;\n--color-4-dark-3-b: 48;\n--color-4-dark-3-contrast: white;\n--color-4-dark-3-contrast-darker: white;\n--color-4-dark-3-text-color: var(--body-alt-color);\n--color-4-dark-2: #4e5e59;\n--color-4-dark-2-darker: #465550;\n--color-4-dark-2-r: 78;\n--color-4-dark-2-g: 94;\n--color-4-dark-2-b: 89;\n--color-4-dark-2-contrast: white;\n--color-4-dark-2-contrast-darker: white;\n--color-4-dark-2-text-color: var(--body-alt-color);\n--color-4-dark-1: #768983;\n--color-4-dark-1-darker: #6a7b76;\n--color-4-dark-1-r: 118;\n--color-4-dark-1-g: 137;\n--color-4-dark-1-b: 131;\n--color-4-dark-1-contrast: white;\n--color-4-dark-1-contrast-darker: white;\n--color-4-dark-1-text-color: var(--body-alt-color);\n--color-4: #a1b4ae;\n--color-4-darker: #8ea59e;\n--color-4-r: 161;\n--color-4-g: 180;\n--color-4-b: 174;\n--color-4-contrast: white;\n--color-4-contrast-darker: white;\n--color-4-text-color: var(--body-alt-color);\n--color-4-light-1: #bbcbc6;\n--color-4-light-1-darker: #a5bab3;\n--color-4-light-1-r: 187;\n--color-4-light-1-g: 203;\n--color-4-light-1-b: 198;\n--color-4-light-1-contrast: black;\n--color-4-light-1-contrast-darker: white;\n--color-4-light-1-text-color: var(--body-color);\n--color-4-light-2: #d6e1de;\n--color-4-light-2-darker: #bdceca;\n--color-4-light-2-r: 214;\n--color-4-light-2-g: 225;\n--color-4-light-2-b: 222;\n--color-4-light-2-contrast: black;\n--color-4-light-2-contrast-darker: black;\n--color-4-light-2-text-color: var(--body-color);\n--color-4-light-3: #f3f8f6;\n--color-4-light-3-darker: #d4e6df;\n--color-4-light-3-r: 243;\n--color-4-light-3-g: 248;\n--color-4-light-3-b: 246;\n--color-4-light-3-contrast: black;\n--color-4-light-3-contrast-darker: black;\n--color-4-light-3-text-color: var(--body-color);\n--color-5-base: #43005d;\n--color-5-base-darker: #3c0054;\n--color-5-base-r: 67;\n--color-5-base-g: 0;\n--color-5-base-b: 93;\n--color-5-base-contrast: white;\n--color-5-base-contrast-darker: white;\n--color-5-base-text-color: var(--body-alt-color);\n--color-5-dark-3: #302933;\n--color-5-dark-3-darker: #2b252e;\n--color-5-dark-3-r: 48;\n--color-5-dark-3-g: 41;\n--color-5-dark-3-b: 51;\n--color-5-dark-3-contrast: white;\n--color-5-dark-3-contrast-darker: white;\n--color-5-dark-3-text-color: var(--body-alt-color);\n--color-5-dark-2: #3c1d48;\n--color-5-dark-2-darker: #361a41;\n--color-5-dark-2-r: 60;\n--color-5-dark-2-g: 29;\n--color-5-dark-2-b: 72;\n--color-5-dark-2-contrast: white;\n--color-5-dark-2-contrast-darker: white;\n--color-5-dark-2-text-color: var(--body-alt-color);\n--color-5-dark-1: #43005d;\n--color-5-dark-1-darker: #3c0054;\n--color-5-dark-1-r: 67;\n--color-5-dark-1-g: 0;\n--color-5-dark-1-b: 93;\n--color-5-dark-1-contrast: white;\n--color-5-dark-1-contrast-darker: white;\n--color-5-dark-1-text-color: var(--body-alt-color);\n--color-5: #b82fed;\n--color-5-darker: #af15eb;\n--color-5-r: 184;\n--color-5-g: 47;\n--color-5-b: 237;\n--color-5-contrast: white;\n--color-5-contrast-darker: white;\n--color-5-text-color: var(--body-alt-color);\n--color-5-light-1: #cd6af3;\n--color-5-light-1-darker: #c24af0;\n--color-5-light-1-r: 205;\n--color-5-light-1-g: 106;\n--color-5-light-1-b: 243;\n--color-5-light-1-contrast: white;\n--color-5-light-1-contrast-darker: white;\n--color-5-light-1-text-color: var(--body-alt-color);\n--color-5-light-2: #e2a8f8;\n--color-5-light-2-darker: #d581f5;\n--color-5-light-2-r: 226;\n--color-5-light-2-g: 168;\n--color-5-light-2-b: 248;\n--color-5-light-2-contrast: black;\n--color-5-light-2-contrast-darker: white;\n--color-5-light-2-text-color: var(--body-color);\n--color-5-light-3: #f8e9fd;\n--color-5-light-3-darker: #eabcf9;\n--color-5-light-3-r: 248;\n--color-5-light-3-g: 233;\n--color-5-light-3-b: 253;\n--color-5-light-3-contrast: black;\n--color-5-light-3-contrast-darker: black;\n--color-5-light-3-text-color: var(--body-color);\n--white-contrast: var(--body-color);\n--shading-contrast: var(--body-alt-color);\n--bg-contrast: var(--body-color);\n}.u-custom-color-1,\n        .u-body.u-custom-color-1,\n        section.u-custom-color-1:before,\n        .u-custom-color-1 > .u-container-layout:before,\n        .u-custom-color-1 > .u-inner-container-layout:before,\n        .u-custom-color-1.u-sidenav:before,\n        .u-container-layout.u-container-layout.u-custom-color-1:before,\n        .u-table-alt-custom-color-1 tr:nth-child(even)\n        {\n            color: var(--custom-color-1-text-color);\n            background-color: var(--custom-color-1);\n        }\n\n        .u-button-style.u-custom-color-1,\n        .u-button-style.u-custom-color-1[class*=\"u-border-\"]\n        {\n            color: var(--custom-color-1-text-color) !important;\n            background-color: var(--custom-color-1) !important;\n        }\n\n        .u-button-style.u-custom-color-1:hover,\n        .u-button-style.u-custom-color-1[class*=\"u-border-\"]:hover,\n        .u-button-style.u-custom-color-1:focus,\n        .u-button-style.u-custom-color-1[class*=\"u-border-\"]:focus,\n        .u-button-style.u-button-style.u-custom-color-1:active,\n        .u-button-style.u-button-style.u-custom-color-1[class*=\"u-border-\"]:active,\n        .u-button-style.u-button-style.u-custom-color-1.active,\n        .u-button-style.u-button-style.u-custom-color-1[class*=\"u-border-\"].active,\n        li.active > .u-button-style.u-button-style.u-custom-color-1,\n        li.active > .u-button-style.u-button-style.u-custom-color-1[class*=\"u-border-\"]\n        {\n            color: var(--custom-color-1-text-color) !important;\n            background-color: var(--custom-color-1-darker) !important;\n        }\n\n        .u-hover-custom-color-1:hover,\n        .u-hover-custom-color-1[class*=\"u-border-\"]:hover,\n        .u-hover-custom-color-1:focus,\n        .u-hover-custom-color-1[class*=\"u-border-\"]:focus,\n        .u-active-custom-color-1.u-active.u-active,\n        .u-active-custom-color-1[class*=\"u-border-\"].u-active.u-active,\n        a.u-button-style.u-hover-custom-color-1:hover,\n        a.u-button-style.u-hover-custom-color-1[class*=\"u-border-\"]:hover,\n        a.u-button-style:hover > .u-hover-custom-color-1,\n        a.u-button-style:hover > .u-hover-custom-color-1[class*=\"u-border-\"],\n        a.u-button-style.u-hover-custom-color-1:focus,\n        a.u-button-style.u-hover-custom-color-1[class*=\"u-border-\"]:focus,\n        a.u-button-style.u-button-style.u-active-custom-color-1:active,\n        a.u-button-style.u-button-style.u-active-custom-color-1[class*=\"u-border-\"]:active,\n        a.u-button-style.u-button-style.u-active-custom-color-1.active,\n        a.u-button-style.u-button-style.u-active-custom-color-1[class*=\"u-border-\"].active,\n        a.u-button-style.u-button-style.active > .u-active-custom-color-1,\n        a.u-button-style.u-button-style.active > .u-active-custom-color-1[class*=\"u-border-\"],\n        li.active > a.u-button-style.u-button-style.u-active-custom-color-1,\n        li.active > a.u-button-style.u-button-style.u-active-custom-color-1[class*=\"u-border-\"]\n        {\n            color: var(--custom-color-1-text-color) !important;\n            background-color: var(--custom-color-1) !important;\n        }\n\n        a.u-link.u-hover-custom-color-1:hover {\n            color: var(--custom-color-1) !important;\n        }\n\n        \n\n        \n        .u-border-custom-color-1,\n        .u-separator-custom-color-1:after\n        {\n            border-color: var(--custom-color-1);\n            stroke: var(--custom-color-1);\n        }\n\n        .u-button-style.u-border-custom-color-1\n        {\n            border-color: var(--custom-color-1) !important;\n            color: var(--custom-color-1) !important;\n            background-color: transparent !important;\n        }\n\n        .u-button-style.u-border-custom-color-1:hover,\n        .u-button-style.u-border-custom-color-1:focus\n        {\n            border-color: transparent !important;\n            color: var(--custom-color-1-darker) !important;\n            background-color: transparent !important;\n        }\n\n        .u-border-hover-custom-color-1:hover,\n        .u-border-hover-custom-color-1:focus,\n        .u-border-active-custom-color-1.u-active.u-active,\n        a.u-button-style.u-border-hover-custom-color-1:hover,\n        a.u-button-style:hover > .u-border-hover-custom-color-1,\n        a.u-button-style.u-border-hover-custom-color-1:focus,\n        a.u-button-style.u-button-style.u-border-active-custom-color-1:active,\n        a.u-button-style.u-button-style.u-border-active-custom-color-1.active,\n        a.u-button-style.u-button-style.active > .u-border-active-custom-color-1,\n        li.active > a.u-button-style.u-button-style.u-border-active-custom-color-1\n        {\n            color: var(--custom-color-1) !important;\n            border-color: var(--custom-color-1) !important;\n        }\n\n        .u-link.u-border-custom-color-1[class*=\"u-border-\"]\n        {\n            border-color: var(--custom-color-1) !important;\n        }\n\n        .u-link.u-border-custom-color-1[class*=\"u-border-\"]:hover\n        {\n            border-color: var(--custom-color-1-darker) !important;\n        }\n        \n\n        \n        .u-text-custom-color-1,\n        li.active > a.u-button-style.u-text-custom-color-1,\n        li.active > a.u-button-style.u-text-custom-color-1[class*=\"u-border-\"],\n        a.u-button-style.u-text-custom-color-1,\n        a.u-button-style.u-text-custom-color-1[class*=\"u-border-\"]\n        {\n            color: var(--custom-color-1) !important;\n        }\n\n        a.u-button-style.u-text-custom-color-1:hover,\n        a.u-button-style.u-text-custom-color-1[class*=\"u-border-\"]:hover,\n        a.u-button-style.u-text-custom-color-1:focus,\n        a.u-button-style.u-text-custom-color-1[class*=\"u-border-\"]:focus,\n        a.u-button-style.u-button-style.u-text-custom-color-1:active,\n        a.u-button-style.u-button-style.u-text-custom-color-1[class*=\"u-border-\"]:active,\n        a.u-button-style.u-button-style.u-text-custom-color-1.active,\n        a.u-button-style.u-button-style.u-text-custom-color-1[class*=\"u-border-\"].active\n        {\n            color: var(--custom-color-1-darker) !important;\n        }\n\n        a.u-button-style:hover > .u-text-hover-custom-color-1,\n        a.u-button-style:hover > .u-text-hover-custom-color-1[class*=\"u-border-\"],\n        a.u-button-style.u-button-style.u-text-hover-custom-color-1:hover,\n        a.u-button-style.u-button-style.u-text-hover-custom-color-1[class*=\"u-border-\"]:hover,\n        a.u-button-style.u-button-style.u-button-style.u-text-hover-custom-color-1.active,\n        a.u-button-style.u-button-style.u-button-style.u-text-hover-custom-color-1[class*=\"u-border-\"].active,\n        a.u-button-style.u-button-style.u-button-style.u-text-hover-custom-color-1:active,\n        a.u-button-style.u-button-style.u-button-style.u-text-hover-custom-color-1[class*=\"u-border-\"]:active,\n        a.u-button-style.u-button-style.u-text-hover-custom-color-1:focus,\n        a.u-button-style.u-button-style.u-text-hover-custom-color-1[class*=\"u-border-\"]:focus,\n        a.u-button-style.u-button-style.u-button-style.u-button-style.u-text-active-custom-color-1:active,\n        a.u-button-style.u-button-style.u-button-style.u-button-style.u-text-active-custom-color-1[class*=\"u-border-\"]:active,\n        a.u-button-style.u-button-style.u-button-style.u-button-style.u-text-active-custom-color-1.active,\n        a.u-button-style.u-button-style.u-button-style.u-button-style.u-text-active-custom-color-1[class*=\"u-border-\"].active,\n        a.u-button-style.u-button-style.active > .u-text-active-custom-color-1,\n        a.u-button-style.u-button-style.active > .u-text-active-custom-color-1[class*=\"u-border-\"],\n        :not(.level-2) > .u-nav > .u-nav-item > a.u-nav-link.u-text-hover-custom-color-1:hover,\n        :not(.level-2) > .u-nav > .u-nav-item > a.u-nav-link.u-nav-link.u-text-active-custom-color-1.active,\n        .u-text-hover-custom-color-1.u-language-url:hover,\n        .u-text-hover-custom-color-1 .u-language-url:hover,\n        .u-popupmenu-items.u-text-hover-custom-color-1 .u-nav-link:hover,\n        .u-popupmenu-items.u-popupmenu-items.u-text-active-custom-color-1 .u-nav-link.active\n        {\n            color: var(--custom-color-1) !important;\n        }\n\n        .u-text-custom-color-1 .u-svg-link,\n        .u-text-hover-custom-color-1:hover .u-svg-link,\n        .u-button-style:hover > .u-text-hover-custom-color-1 .u-svg-link,\n        .u-button-style.u-button-style.active > .u-text-active-custom-color-1 .u-svg-link,\n        .u-text-hover-custom-color-1:focus .u-svg-link\n        {\n            fill: var(--custom-color-1);\n        }\n\n        .u-link.u-text-custom-color-1:hover\n        {\n            color: var(--custom-color-1-darker) !important;\n        }\n\n        a.u-link.u-text-hover-custom-color-1:hover\n        {\n            color: var(--custom-color-1) !important;\n        }</style><style id=\"typography\" typography=\"custom-page-typography-19\">\n        .u-body\n        {\n        --title-font-weight: bold;\n        --title-letter-spacing: -1px;\n        --title-line-height: 1.1;\n        --title-font-size: 4.5rem;\n        --title-text-transform: uppercase;\n        --title-margin-top: 20px;\n        --title-margin-bottom: 20px;\n        --subtitle-font-weight: bold;\n        --subtitle-line-height: 1.1;\n        --subtitle-font-size: 2.25rem;\n        --subtitle-text-transform: uppercase;\n        --subtitle-margin-top: 20px;\n        --subtitle-margin-bottom: 20px;\n        --h1-font-weight: bold;\n        --h1-letter-spacing: -1px;\n        --h1-line-height: 1.1;\n        --h1-font-size: 4.5rem;\n        --h1-text-transform: uppercase;\n        --h1-margin-top: 20px;\n        --h1-margin-bottom: 20px;\n        --h2-font-weight: bold;\n        --h2-line-height: 1.1;\n        --h2-font-size: 3rem;\n        --h2-text-transform: uppercase;\n        --h2-margin-top: 20px;\n        --h2-margin-bottom: 20px;\n        --h3-font-weight: bold;\n        --h3-line-height: 1.1;\n        --h3-font-size: 1.875rem;\n        --h3-text-transform: uppercase;\n        --h3-margin-top: 20px;\n        --h3-margin-bottom: 20px;\n        --h4-font-weight: bold;\n        --h4-line-height: 1.2;\n        --h4-font-size: 1.5rem;\n        --h4-text-transform: uppercase;\n        --h4-margin-top: 20px;\n        --h4-margin-bottom: 20px;\n        --h5-font-weight: bold;\n        --h5-line-height: 1.2;\n        --h5-font-size: 1.25rem;\n        --h5-text-transform: uppercase;\n        --h5-margin-top: 20px;\n        --h5-margin-bottom: 20px;\n        --h6-font-weight: bold;\n        --h6-line-height: 1.2;\n        --h6-font-size: 1.125rem;\n        --h6-text-transform: uppercase;\n        --h6-margin-top: 20px;\n        --h6-margin-bottom: 20px;\n        --largeText-font-weight: 400;\n        --largeText-line-height: 1.6;\n        --largeText-font-size: 1rem;\n        --largeText-margin-top: 20px;\n        --largeText-margin-bottom: 20px;\n        --text-font-weight: 400;\n        --text-line-height: 1.6;\n        --text-font-size: 1.125rem;\n        --text-margin-top: 20px;\n        --text-margin-bottom: 20px;\n        --smallText-font-weight: 400;\n        --smallText-line-height: 1.6;\n        --smallText-font-size: 0.875rem;\n        --smallText-margin-top: 20px;\n        --smallText-margin-bottom: 20px;\n        --button-font-size: 0.75rem;\n        --button-letter-spacing: 1px;\n        --button-line-height: 1.4;\n        --button-margin-top: 20px;\n        --button-margin-bottom: 20px;\n        --button-background-image: none;\n        --button-text-transform: uppercase;\n        --button-font-weight: 700;\n        --button-background-color: var(--palette-2-base);\n        --button-color: var(--white);\n        --button-alt-background-color: var(--palette-2-light-3);\n        --button-alt-color: var(--black);\n        --button-hover-background-color: var(--palette-2-base-darker);\n        --button-hover-color: var(--white-darker);\n        --button-hover-alt-background-color: var(--palette-2-light-3-darker);\n        --button-hover-alt-color: var(--white);\n        --button-hover-background-color: var(--palette-2-base-darker);\n        --button-hover-color: var(--white-darker);\n        --button-hover-alt-background-color: var(--palette-2-light-3-darker);\n        --button-hover-alt-color: var(--white);\n        --button-active-background-color: var(--palette-2-base-darker);\n        --button-active-color: var(--white-darker);\n        --button-active-alt-background-color: var(--palette-2-light-3-darker);\n        --button-active-alt-color: var(--white);\n        --blockquote-font-style: italic;\n        --blockquote-line-height: 1.6;\n        --blockquote-font-size: 1.25rem;\n        --blockquote-padding-left: 20px;\n        --blockquote-border-width: 4px;\n        --blockquote-border-color: var(--palette-1-base);\n        --blockquote-margin-top: 20px;\n        --blockquote-margin-bottom: 20px;\n        --metadata-font-size: 0.75rem;\n        --metadata-letter-spacing: 1px;\n        --metadata-text-transform: uppercase;\n        --metadata-line-height: 1.4;\n        --metadata-margin-top: 20px;\n        --metadata-margin-bottom: 20px;\n        --list-margin-top: 20px;\n        --list-margin-bottom: 20px;\n        --orderedlist-margin-top: 20px;\n        --orderedlist-margin-bottom: 20px;\n        --postContent-margin-top: 20px;\n        --postContent-margin-bottom: 20px;\n        --hyperlink-color: var(--palette-1-base);\n        --hyperlink-alt-text-color: var(--palette-1-light-2);\n        --hyperlink-hover-color: var(--palette-1-base-darker);\n        --hyperlink-hover-alt-text-color: var(--grey-30-darker);\n        }\n\n        /** common-rules **/\n        h1.u-title\n        {\n        font-weight: var(--title-font-weight);\n        letter-spacing: var(--title-letter-spacing);\n        line-height: var(--title-line-height);\n        font-size: var(--title-font-size);\n        text-transform: var(--title-text-transform);\n        margin-top: var(--title-margin-top);\n        margin-bottom: var(--title-margin-bottom);\n        }\n        h2.u-subtitle\n        {\n        font-weight: var(--subtitle-font-weight);\n        line-height: var(--subtitle-line-height);\n        font-size: var(--subtitle-font-size);\n        text-transform: var(--subtitle-text-transform);\n        margin-top: var(--subtitle-margin-top);\n        margin-bottom: var(--subtitle-margin-bottom);\n        }\n        h1:not(.u-title)\n        {\n        font-weight: var(--h1-font-weight);\n        letter-spacing: var(--h1-letter-spacing);\n        line-height: var(--h1-line-height);\n        font-size: var(--h1-font-size);\n        text-transform: var(--h1-text-transform);\n        margin-top: var(--h1-margin-top);\n        margin-bottom: var(--h1-margin-bottom);\n        }\n        h2:not(.u-subtitle)\n        {\n        font-weight: var(--h2-font-weight);\n        line-height: var(--h2-line-height);\n        font-size: var(--h2-font-size);\n        text-transform: var(--h2-text-transform);\n        margin-top: var(--h2-margin-top);\n        margin-bottom: var(--h2-margin-bottom);\n        }\n        h3\n        {\n        font-weight: var(--h3-font-weight);\n        line-height: var(--h3-line-height);\n        font-size: var(--h3-font-size);\n        text-transform: var(--h3-text-transform);\n        margin-top: var(--h3-margin-top);\n        margin-bottom: var(--h3-margin-bottom);\n        }\n        h4\n        {\n        font-weight: var(--h4-font-weight);\n        line-height: var(--h4-line-height);\n        font-size: var(--h4-font-size);\n        text-transform: var(--h4-text-transform);\n        margin-top: var(--h4-margin-top);\n        margin-bottom: var(--h4-margin-bottom);\n        }\n        h5\n        {\n        font-weight: var(--h5-font-weight);\n        line-height: var(--h5-line-height);\n        font-size: var(--h5-font-size);\n        text-transform: var(--h5-text-transform);\n        margin-top: var(--h5-margin-top);\n        margin-bottom: var(--h5-margin-bottom);\n        }\n        h6\n        {\n        font-weight: var(--h6-font-weight);\n        line-height: var(--h6-line-height);\n        font-size: var(--h6-font-size);\n        text-transform: var(--h6-text-transform);\n        margin-top: var(--h6-margin-top);\n        margin-bottom: var(--h6-margin-bottom);\n        }\n        p.u-large-text\n        {\n        font-weight: var(--largeText-font-weight);\n        line-height: var(--largeText-line-height);\n        font-size: var(--largeText-font-size);\n        margin-top: var(--largeText-margin-top);\n        margin-bottom: var(--largeText-margin-bottom);\n        }\n        p:not(.u-text-variant)\n        {\n        font-weight: var(--text-font-weight);\n        line-height: var(--text-line-height);\n        font-size: var(--text-font-size);\n        margin-top: var(--text-margin-top);\n        margin-bottom: var(--text-margin-bottom);\n        }\n        p.u-small-text\n        {\n        font-weight: var(--smallText-font-weight);\n        line-height: var(--smallText-line-height);\n        font-size: var(--smallText-font-size);\n        margin-top: var(--smallText-margin-top);\n        margin-bottom: var(--smallText-margin-bottom);\n        }\n        .u-btn\n        {\n        font-size: var(--button-font-size);\n        letter-spacing: var(--button-letter-spacing);\n        line-height: var(--button-line-height);\n        margin-top: var(--button-margin-top);\n        margin-bottom: var(--button-margin-bottom);\n        background-image: var(--button-background-image);\n        text-transform: var(--button-text-transform);\n        font-weight: var(--button-font-weight);\n        }\n        blockquote\n        {\n        font-style: var(--blockquote-font-style);\n        line-height: var(--blockquote-line-height);\n        font-size: var(--blockquote-font-size);\n        padding-left: var(--blockquote-padding-left);\n        border-width: var(--blockquote-border-width);\n        margin-top: var(--blockquote-margin-top);\n        margin-bottom: var(--blockquote-margin-bottom);\n        }\n        .u-metadata\n        {\n        font-size: var(--metadata-font-size);\n        letter-spacing: var(--metadata-letter-spacing);\n        text-transform: var(--metadata-text-transform);\n        line-height: var(--metadata-line-height);\n        margin-top: var(--metadata-margin-top);\n        margin-bottom: var(--metadata-margin-bottom);\n        }\n        ul:not(.u-unstyled)\n        {\n        margin-top: var(--list-margin-top);\n        margin-bottom: var(--list-margin-bottom);\n        }\n        ol\n        {\n        margin-top: var(--orderedlist-margin-top);\n        margin-bottom: var(--orderedlist-margin-bottom);\n        }\n        .u-post-content\n        {\n        margin-top: var(--postContent-margin-top);\n        margin-bottom: var(--postContent-margin-bottom);\n        }\n        /** common-rules **/\n\n        /** publish-rules **/\n        /*begin-media rules*/\n        /*end-media rules*/\n        /** publish-rules **/\n\n        \n\n        /** cms-rules **/\n        /*begin-responsive rules*/\n        /*end-responsive rules*/\n        /** cms-rules **/\n\n        /** color-rules **/\n        .u-overlap.u-overlap-transparent:not(.u-overlap-contrast) .u-header :not(.u-nav-item) > .u-btn,\n        .u-gradient > .u-container-layout > .u-btn,\n        .u-image:not(.u-shading) > .u-container-layout > .u-btn,\n        .u-btn\n        {\n        background-color: var(--button-background-color);\n        color: var(--button-color);\n        }\n        .u-overlap.u-overlap-transparent:not(.u-overlap-contrast) .u-header :not(.u-nav-item) > .u-btn:hover,\n        .u-gradient > .u-container-layout > .u-btn:hover,\n        .u-image:not(.u-shading) > .u-container-layout > .u-btn:hover,\n        .u-btn:hover\n        {\n        background-color: var(--button-hover-background-color);\n        color: var(--button-hover-color);\n        }\n        .u-overlap.u-overlap-transparent:not(.u-overlap-contrast) .u-header :not(.u-nav-item) > .u-btn:focus,\n        .u-gradient > .u-container-layout > .u-btn:focus,\n        .u-image:not(.u-shading) > .u-container-layout > .u-btn:focus,\n        .u-btn:focus\n        {\n        background-color: var(--button-hover-background-color);\n        color: var(--button-hover-color);\n        }\n        .u-overlap.u-overlap-transparent:not(.u-overlap-contrast) .u-header :not(.u-nav-item) > .u-btn:active,\n        .u-gradient > .u-container-layout > .u-btn:active,\n        .u-image:not(.u-shading) > .u-container-layout > .u-btn:active,\n        .u-btn:active\n        {\n        background-color: var(--button-active-background-color);\n        color: var(--button-active-color);\n        }\n        .u-overlap.u-overlap-transparent:not(.u-overlap-contrast) .u-header :not(.u-nav-item) > blockquote,\n        .u-gradient > .u-container-layout > blockquote,\n        .u-image:not(.u-shading) > .u-container-layout > blockquote,\n        blockquote\n        {\n        border-color: var(--blockquote-border-color);\n        }\n        .u-overlap.u-overlap-transparent:not(.u-overlap-contrast) .u-header :not(.u-nav-item) > a,\n        .u-gradient > .u-container-layout > a,\n        .u-image:not(.u-shading) > .u-container-layout > a,\n        a\n        {\n        color: var(--hyperlink-color);\n        }\n        .u-overlap.u-overlap-transparent:not(.u-overlap-contrast) .u-header :not(.u-nav-item) > a:hover,\n        .u-gradient > .u-container-layout > a:hover,\n        .u-image:not(.u-shading) > .u-container-layout > a:hover,\n        a:hover\n        {\n        color: var(--hyperlink-hover-color);\n        }\n        /** color-rules **/\n\n        /** alt-color-rules **/\n        .u-body-color .u-btn,.u-palette-1-base .u-btn,.u-palette-1-dark-3 .u-btn,.u-palette-1-dark-2 .u-btn,.u-palette-1-dark-1 .u-btn,.u-palette-1 .u-btn,.u-palette-1-light-1 .u-btn,.u-palette-2-base .u-btn,.u-palette-2-dark-3 .u-btn,.u-palette-2-dark-2 .u-btn,.u-palette-2-dark-1 .u-btn,.u-palette-2 .u-btn,.u-palette-2-light-1 .u-btn,.u-palette-2-light-2 .u-btn,.u-palette-3-base .u-btn,.u-palette-3-dark-3 .u-btn,.u-palette-3-dark-2 .u-btn,.u-palette-3-dark-1 .u-btn,.u-palette-3 .u-btn,.u-palette-3-light-1 .u-btn,.u-palette-4-base .u-btn,.u-palette-4-dark-3 .u-btn,.u-palette-4-dark-2 .u-btn,.u-palette-4-dark-1 .u-btn,.u-palette-4 .u-btn,.u-palette-4-light-1 .u-btn,.u-palette-5-base .u-btn,.u-palette-5-dark-3 .u-btn,.u-palette-5-dark-2 .u-btn,.u-palette-5-dark-1 .u-btn,.u-palette-5 .u-btn,.u-grey-40 .u-btn,.u-grey-30 .u-btn,.u-grey-90 .u-btn,.u-grey-80 .u-btn,.u-grey-75 .u-btn,.u-black .u-btn,.u-grey-70 .u-btn,.u-grey-60 .u-btn,.u-grey-50 .u-btn,.u-grey-dark-3 .u-btn,.u-grey-dark-2 .u-btn,.u-grey-dark-1 .u-btn,.u-grey .u-btn,.u-shading .u-btn,.u-overlap-contrast .u-header .u-btn\n        {\n        background-color: var(--button-alt-background-color);\n        color: var(--button-alt-color);\n        }\n        .u-body-color .u-btn:hover,.u-palette-1-base .u-btn:hover,.u-palette-1-dark-3 .u-btn:hover,.u-palette-1-dark-2 .u-btn:hover,.u-palette-1-dark-1 .u-btn:hover,.u-palette-1 .u-btn:hover,.u-palette-1-light-1 .u-btn:hover,.u-palette-2-base .u-btn:hover,.u-palette-2-dark-3 .u-btn:hover,.u-palette-2-dark-2 .u-btn:hover,.u-palette-2-dark-1 .u-btn:hover,.u-palette-2 .u-btn:hover,.u-palette-2-light-1 .u-btn:hover,.u-palette-2-light-2 .u-btn:hover,.u-palette-3-base .u-btn:hover,.u-palette-3-dark-3 .u-btn:hover,.u-palette-3-dark-2 .u-btn:hover,.u-palette-3-dark-1 .u-btn:hover,.u-palette-3 .u-btn:hover,.u-palette-3-light-1 .u-btn:hover,.u-palette-4-base .u-btn:hover,.u-palette-4-dark-3 .u-btn:hover,.u-palette-4-dark-2 .u-btn:hover,.u-palette-4-dark-1 .u-btn:hover,.u-palette-4 .u-btn:hover,.u-palette-4-light-1 .u-btn:hover,.u-palette-5-base .u-btn:hover,.u-palette-5-dark-3 .u-btn:hover,.u-palette-5-dark-2 .u-btn:hover,.u-palette-5-dark-1 .u-btn:hover,.u-palette-5 .u-btn:hover,.u-grey-40 .u-btn:hover,.u-grey-30 .u-btn:hover,.u-grey-90 .u-btn:hover,.u-grey-80 .u-btn:hover,.u-grey-75 .u-btn:hover,.u-black .u-btn:hover,.u-grey-70 .u-btn:hover,.u-grey-60 .u-btn:hover,.u-grey-50 .u-btn:hover,.u-grey-dark-3 .u-btn:hover,.u-grey-dark-2 .u-btn:hover,.u-grey-dark-1 .u-btn:hover,.u-grey .u-btn:hover,.u-shading .u-btn:hover,.u-overlap-contrast .u-header .u-btn:hover\n        {\n        background-color: var(--button-hover-alt-background-color);\n        color: var(--button-hover-alt-color);\n        }\n        .u-body-color .u-btn:active,.u-palette-1-base .u-btn:active,.u-palette-1-dark-3 .u-btn:active,.u-palette-1-dark-2 .u-btn:active,.u-palette-1-dark-1 .u-btn:active,.u-palette-1 .u-btn:active,.u-palette-1-light-1 .u-btn:active,.u-palette-2-base .u-btn:active,.u-palette-2-dark-3 .u-btn:active,.u-palette-2-dark-2 .u-btn:active,.u-palette-2-dark-1 .u-btn:active,.u-palette-2 .u-btn:active,.u-palette-2-light-1 .u-btn:active,.u-palette-2-light-2 .u-btn:active,.u-palette-3-base .u-btn:active,.u-palette-3-dark-3 .u-btn:active,.u-palette-3-dark-2 .u-btn:active,.u-palette-3-dark-1 .u-btn:active,.u-palette-3 .u-btn:active,.u-palette-3-light-1 .u-btn:active,.u-palette-4-base .u-btn:active,.u-palette-4-dark-3 .u-btn:active,.u-palette-4-dark-2 .u-btn:active,.u-palette-4-dark-1 .u-btn:active,.u-palette-4 .u-btn:active,.u-palette-4-light-1 .u-btn:active,.u-palette-5-base .u-btn:active,.u-palette-5-dark-3 .u-btn:active,.u-palette-5-dark-2 .u-btn:active,.u-palette-5-dark-1 .u-btn:active,.u-palette-5 .u-btn:active,.u-grey-40 .u-btn:active,.u-grey-30 .u-btn:active,.u-grey-90 .u-btn:active,.u-grey-80 .u-btn:active,.u-grey-75 .u-btn:active,.u-black .u-btn:active,.u-grey-70 .u-btn:active,.u-grey-60 .u-btn:active,.u-grey-50 .u-btn:active,.u-grey-dark-3 .u-btn:active,.u-grey-dark-2 .u-btn:active,.u-grey-dark-1 .u-btn:active,.u-grey .u-btn:active,.u-shading .u-btn:active,.u-overlap-contrast .u-header .u-btn:active\n        {\n        background-color: var(--button-active-alt-background-color);\n        color: var(--button-active-alt-color);\n        }\n        .u-body-color a,.u-palette-1-base a,.u-palette-1-dark-3 a,.u-palette-1-dark-2 a,.u-palette-1-dark-1 a,.u-palette-1 a,.u-palette-1-light-1 a,.u-palette-2-base a,.u-palette-2-dark-3 a,.u-palette-2-dark-2 a,.u-palette-2-dark-1 a,.u-palette-2 a,.u-palette-2-light-1 a,.u-palette-2-light-2 a,.u-palette-3-base a,.u-palette-3-dark-3 a,.u-palette-3-dark-2 a,.u-palette-3-dark-1 a,.u-palette-3 a,.u-palette-3-light-1 a,.u-palette-4-base a,.u-palette-4-dark-3 a,.u-palette-4-dark-2 a,.u-palette-4-dark-1 a,.u-palette-4 a,.u-palette-4-light-1 a,.u-palette-5-base a,.u-palette-5-dark-3 a,.u-palette-5-dark-2 a,.u-palette-5-dark-1 a,.u-palette-5 a,.u-grey-40 a,.u-grey-30 a,.u-grey-90 a,.u-grey-80 a,.u-grey-75 a,.u-black a,.u-grey-70 a,.u-grey-60 a,.u-grey-50 a,.u-grey-dark-3 a,.u-grey-dark-2 a,.u-grey-dark-1 a,.u-grey a,.u-shading a,.u-overlap-contrast .u-header a:not(.u-nav-link):not(.u-btn)\n        {\n        color: var(--hyperlink-alt-text-color);\n        }\n        .u-body-color a:hover,.u-palette-1-base a:hover,.u-palette-1-dark-3 a:hover,.u-palette-1-dark-2 a:hover,.u-palette-1-dark-1 a:hover,.u-palette-1 a:hover,.u-palette-1-light-1 a:hover,.u-palette-2-base a:hover,.u-palette-2-dark-3 a:hover,.u-palette-2-dark-2 a:hover,.u-palette-2-dark-1 a:hover,.u-palette-2 a:hover,.u-palette-2-light-1 a:hover,.u-palette-2-light-2 a:hover,.u-palette-3-base a:hover,.u-palette-3-dark-3 a:hover,.u-palette-3-dark-2 a:hover,.u-palette-3-dark-1 a:hover,.u-palette-3 a:hover,.u-palette-3-light-1 a:hover,.u-palette-4-base a:hover,.u-palette-4-dark-3 a:hover,.u-palette-4-dark-2 a:hover,.u-palette-4-dark-1 a:hover,.u-palette-4 a:hover,.u-palette-4-light-1 a:hover,.u-palette-5-base a:hover,.u-palette-5-dark-3 a:hover,.u-palette-5-dark-2 a:hover,.u-palette-5-dark-1 a:hover,.u-palette-5 a:hover,.u-grey-40 a:hover,.u-grey-30 a:hover,.u-grey-90 a:hover,.u-grey-80 a:hover,.u-grey-75 a:hover,.u-black a:hover,.u-grey-70 a:hover,.u-grey-60 a:hover,.u-grey-50 a:hover,.u-grey-dark-3 a:hover,.u-grey-dark-2 a:hover,.u-grey-dark-1 a:hover,.u-grey a:hover\n        {\n        color: var(--hyperlink-hover-alt-text-color);\n        }\n        /** alt-color-rules **/\n    </style><style id=\"font-scheme\" font-scheme=\"Montserrat-Raleway\" heading-font=\"Montserrat,sans-serif\" text-font=\"Raleway,sans-serif\">.u-body {\n   --text-font: Raleway,sans-serif;\n   --heading-font: Montserrat,sans-serif;\n}</style>","appVersion":"5.1.5","publicUrl":null,"customDomainUrl":null,"datePublished":null,"isTrial":false,"serverSiteId":0}